amount,hour_of_day,transaction_type,account_age_days,num_transactions_last_24h,distance_from_home_km,is_foreign_country,avg_amount_last_30_days,is_fraud
32.93,18,1,791,19,71.9,0,1208.78,0
11.86,4,0,3060,1,477.0,0,22.58,1
467.37,7,1,2668,9,8.2,0,362.3,0
49.75,9,1,3480,3,180.6,0,920.23,1
2405.62,3,1,2266,5,0.2,0,6.15,0
37.78,20,0,3049,8,2.9,0,84.42,1
551.99,4,1,1929,17,7.4,1,931.33,0
1517.4,8,0,2013,5,0.1,0,11.92,0
892.07,5,0,2421,13,0.8,1,901.12,0
1365.33,4,0,2255,5,0.3,0,11.78,0
147.22,5,1,2067,16,62.0,1,387.0,0
89.94,22,0,435,6,1.2,0,6.45,0
519.43,8,0,1710,10,0.8,0,178.06,0
398.27,10,0,1750,8,0.8,0,34.66,0
14.19,5,0,3080,2,356.2,0,35.61,1
39.14,8,0,2955,4,128.4,0,38.38,1
52.03,9,1,3276,4,183.1,0,385.84,1
144.42,14,0,665,13,0.5,0,117.39,0
65.1,23,0,552,7,0.5,0,17.77,0
248.82,7,0,1472,19,2.0,1,1795.43,0
41.72,21,0,755,11,0.6,0,227.67,0
30.2,19,1,2637,14,50.4,0,1568.89,0
1182.22,6,1,2241,9,1.0,0,151.0,0
13.4,7,1,3530,0,627.6,0,457.72,1
2017.39,9,0,1233,5,0.1,0,7.16,0
19.67,5,0,3007,3,274.4,0,26.63,1
11.34,9,1,3621,0,715.0,0,728.39,1
25.9,16,1,255,20,90.0,0,706.88,0
29.82,19,0,85,18,1.0,0,623.27,0
18.1,16,0,370,16,29.6,0,199.54,0
99.63,21,1,728,8,3.8,0,10.17,0
7.18,16,0,3152,3,268.3,0,23.76,1
2850.26,1,0,1324,5,0.1,0,5.49,0
89.36,15,1,1443,15,37.3,0,189.63,0
165.19,21,0,2275,6,3.1,0,38.84,0
128.7,15,1,2131,8,16.3,0,24.05,0
2234.92,0,1,1345,15,0.2,1,130.77,0
2589.36,0,1,2651,13,0.3,1,688.07,0
6.2,17,1,3489,0,602.7,0,74.44,1
329.75,17,0,1885,6,0.4,0,17.45,0
58.01,21,1,1359,13,10.1,0,318.49,0
34.66,17,0,2599,7,52.9,0,72.46,0
39.77,20,0,2082,9,7.9,0,646.09,0
380.82,13,1,623,7,4.3,0,5.2,0
1313.89,15,0,2600,3,0.1,0,11.89,0
58.76,13,1,1177,15,27.6,0,169.22,0
223.88,17,0,516,12,1.1,0,44.45,0
276.53,5,0,1397,19,4.2,1,1706.24,0
173.31,13,0,866,7,1.5,0,10.87,0
660.33,10,1,2108,12,1.9,0,316.59,0
71.43,14,1,863,18,36.9,0,628.9,0
109.32,12,0,1741,11,6.0,0,68.44,0
2760.5,6,0,2595,5,0.1,0,27.68,0
35.67,16,1,1533,17,68.7,0,1354.6,0
324.51,9,1,1624,12,6.3,0,76.01,0
32.2,16,0,1306,12,49.0,0,104.44,0
74.94,9,0,2909,7,2.9,0,37.25,1
70.52,13,0,1554,11,14.7,0,76.24,0
484.12,9,1,1107,13,2.3,0,36.58,0
51.21,7,1,3358,2,249.7,0,490.39,1
50.07,20,0,874,9,4.1,0,19.38,0
405.99,9,1,342,19,0.9,0,734.97,0
15.82,0,0,2798,2,364.2,0,7.7,1
18.57,20,0,518,17,34.7,0,330.16,0
21.72,5,1,3482,1,550.8,0,468.83,1
1862.28,0,0,1534,15,0.3,1,272.53,0
2150.73,5,0,2551,8,0.1,0,378.96,0
14.1,6,1,3042,2,441.9,0,51.95,1
2548.26,2,1,2319,9,0.2,0,45.26,0
76.88,4,0,2987,6,102.5,0,145.67,1
1043.51,8,0,1874,6,0.2,0,22.18,0
28.06,9,0,2933,4,95.0,0,14.4,1
61.85,18,0,512,16,2.3,0,200.14,0
105.2,21,0,917,9,1.9,0,40.51,0
729.19,9,1,1020,10,0.7,0,14.49,0
13.83,18,0,3126,5,136.1,0,59.63,1
26.32,17,0,36,18,20.5,0,31.3,0
41.46,13,0,3345,4,126.6,0,413.38,1
65.31,15,1,1602,14,61.4,0,138.85,0
168.93,6,0,2135,12,14.3,0,459.1,0
399.55,9,1,2244,15,10.6,1,739.39,0
19.48,21,1,1704,18,73.5,0,1330.46,0
651.93,11,0,1116,7,0.7,0,8.68,0
2344.82,2,1,2876,6,0.3,1,169.73,0
425.95,14,0,1609,8,0.7,0,16.53,0
124.65,7,1,2986,13,33.0,1,401.17,1
13.44,23,1,2485,12,113.7,0,615.84,0
932.94,7,0,1334,13,0.3,0,75.33,0
215.45,7,0,1987,11,6.6,0,324.27,0
185.96,16,1,355,11,1.7,0,9.11,0
8.4,13,0,2938,2,212.4,0,8.71,1
590.36,13,0,1558,14,0.3,0,228.36,0
1347.97,6,0,2002,10,0.3,0,174.37,0
33.56,23,1,541,12,21.4,0,15.52,0
11.13,19,0,3327,2,233.4,0,77.86,1
9.07,19,0,3267,4,196.7,0,71.38,1
5.3,9,0,3190,0,758.0,0,9.27,1
24.61,20,0,2412,16,33.9,0,1737.2,0
411.22,12,1,1805,7,7.6,0,13.09,0
13.92,4,1,3181,1,543.5,0,44.72,1
76.39,14,1,47,18,7.2,0,49.81,0
191.39,17,0,777,12,1.0,0,45.39,1
18.33,22,1,48,17,41.7,0,39.19,0
724.54,10,1,2619,5,7.8,0,7.19,0
97.74,19,0,1706,12,4.9,0,399.97,0
8.64,15,1,3646,0,754.6,0,1302.84,1
26.74,13,0,872,19,60.6,0,1287.31,0
834.09,0,1,2317,10,39.0,1,34.87,0
9.3,23,1,196,15,52.5,0,131.16,0
861.21,10,1,2927,6,1.6,0,246.12,0
14.47,3,0,3051,1,353.0,0,14.27,1
83.82,12,1,1120,19,30.7,1,1583.07,0
118.81,11,0,1598,9,8.3,0,37.36,0
294.81,6,0,2181,14,2.8,0,1391.64,0
1769.33,2,1,1821,11,0.4,0,38.61,0
1815.21,0,0,2456,16,0.9,1,1550.2,0
21.17,18,1,249,16,52.7,0,45.12,0
17.7,2,0,3093,2,413.1,0,32.94,1
164.66,15,0,2239,8,9.6,0,118.81,0
13.57,21,1,718,18,79.3,0,534.92,0
2242.09,2,1,238,16,0.1,0,29.13,0
2036.85,3,0,56,12,0.1,0,6.69,0
21.93,20,1,764,18,100.7,0,410.91,0
54.42,10,1,1569,18,86.4,1,1260.58,0
625.37,6,1,821,16,1.2,0,242.46,0
91.39,13,1,1041,17,27.7,0,391.67,0
37.3,22,0,1522,10,15.9,0,154.67,0
48.34,19,1,437,13,13.4,0,20.51,0
5.76,23,0,2365,7,105.3,0,168.21,0
33.46,22,0,87,18,0.9,0,585.25,0
38.76,19,1,1206,13,54.1,0,177.53,0
63.25,19,0,981,9,5.9,0,34.25,0
153.96,9,0,2810,15,0.2,0,70.32,1
255.27,13,1,1949,10,13.3,0,39.08,0
451.21,5,0,833,18,0.9,0,928.54,0
31.58,8,1,25,20,49.9,0,478.77,0
15.67,14,0,3082,4,169.6,0,42.75,1
733.88,0,1,2186,9,22.3,1,14.19,0
26.91,1,0,2845,2,247.4,0,10.14,1
584.72,9,1,2327,10,3.2,0,156.53,0
511.19,3,0,2473,15,3.7,1,1387.47,0
562.69,15,0,112,13,0.3,0,10.45,0
461.43,4,1,976,18,6.8,1,665.75,0
142.58,11,1,706,13,8.7,0,25.08,0
2896.23,0,0,2896,5,0.1,0,60.53,0
531.2,6,1,2173,14,5.7,1,719.71,0
302.45,6,1,1102,15,8.8,0,325.25,0
111.09,22,0,1593,4,3.8,0,6.26,0
1244.33,8,0,936,7,0.1,0,13.36,0
73.28,7,1,32,20,8.6,1,906.54,0
7.68,19,1,3533,1,568.5,0,347.41,1
9.92,6,1,3352,1,573.6,0,85.18,1
9.79,9,1,3464,3,438.0,0,376.7,1
6.08,22,0,3332,3,244.1,0,57.18,1
553.76,4,0,2547,14,2.1,1,1495.43,0
717.62,0,1,1867,18,9.2,1,750.55,0
57.09,18,1,2254,8,28.7,0,66.22,0
41.33,23,1,1277,8,14.8,0,46.22,0
947.99,7,0,654,15,0.2,0,195.4,0
1178.44,2,0,2854,14,1.6,1,1747.65,0
31.69,22,0,386,17,4.2,0,355.85,0
27.7,11,0,3018,5,50.6,0,37.58,1
14.28,16,1,3619,1,483.5,0,885.06,1
200.16,3,0,638,16,6.7,0,98.07,0
22.07,14,0,3101,3,134.3,0,47.06,1
117.3,15,0,1458,14,5.0,0,356.91,0
32.3,16,1,2577,9,88.4,0,191.34,0
10.31,20,1,3310,3,283.2,0,149.2,1
14.79,21,1,268,20,67.8,0,866.68,0
6.14,19,0,3237,2,343.6,0,34.15,1
278.31,7,1,2557,10,29.0,0,163.24,0
311.29,10,1,1825,14,4.0,0,1131.65,0
544.97,17,0,762,6,0.2,0,6.65,0
14.06,22,0,19,17,3.6,0,90.45,0
1649.05,3,0,2610,6,0.4,0,45.8,0
424.59,8,0,824,18,0.6,0,759.6,0
11.06,23,0,2558,8,65.7,0,525.39,0
2192.42,7,0,1399,10,0.1,0,123.9,0
244.87,3,1,709,18,29.8,1,133.54,0
22.0,9,1,1483,18,141.7,1,811.38,0
9.64,16,1,3517,1,460.2,0,249.09,1
800.1,16,0,1355,8,0.2,0,21.33,0
15.92,23,0,547,11,12.9,0,101.05,0
154.46,16,0,2511,5,8.4,0,11.43,0
1991.73,3,1,2568,11,1.0,1,61.81,0
643.64,11,0,1972,7,0.4,0,15.25,0
296.7,5,1,2370,14,18.3,1,392.84,0
69.85,20,1,121,13,4.9,0,9.35,0
2769.34,0,1,2301,15,0.3,1,233.2,0
18.51,16,0,341,18,31.3,0,484.55,0
39.51,23,1,1100,6,11.6,0,9.08,0
1752.43,2,1,1808,10,0.4,0,22.51,0
275.65,17,0,1967,6,1.9,0,13.89,0
34.22,17,1,3278,12,84.9,0,864.09,1
105.88,20,0,1850,8,4.7,0,41.24,0
87.1,8,1,1109,11,49.7,0,23.27,0
6.18,10,0,3301,0,584.0,0,17.87,1
8.34,20,1,3488,3,254.2,0,188.5,1
6.86,18,1,3601,1,581.4,0,640.31,1
1441.66,4,0,1951,7,0.2,0,24.7,1
498.26,10,0,609,17,0.6,0,382.39,0
514.47,9,0,1671,7,0.3,0,15.71,0
1691.81,7,0,859,7,0.1,0,6.89,0
2914.83,0,0,2277,5,0.1,0,10.23,0
75.66,3,1,1657,20,54.9,1,1982.1,0
2263.71,0,1,2495,18,0.4,1,1822.54,0
5.35,23,1,614,19,185.6,0,1460.0,0
7.22,21,1,3400,3,370.9,0,285.06,1
1532.04,4,0,2285,7,0.1,0,84.93,0
534.61,8,1,2454,15,10.4,1,922.99,0
5.52,23,1,686,15,184.7,0,84.68,0
975.69,2,1,846,17,1.1,1,562.88,0
435.6,7,1,735,17,2.4,0,475.91,0
18.81,16,0,1246,14,55.1,0,452.27,0
33.24,11,1,1140,16,99.3,0,359.06,0
577.28,8,1,1127,13,2.7,0,45.53,0
176.67,6,0,954,18,4.1,0,573.1,0
156.95,8,1,2359,18,96.3,1,1238.12,0
1170.92,14,0,2392,4,0.3,0,7.74,0
782.38,12,0,2593,7,0.3,0,467.43,0
2742.89,1,0,1222,8,0.1,0,29.84,0
59.71,6,1,1918,9,86.8,0,23.2,0
1000.99,1,0,1812,8,2.7,0,12.03,0
281.89,3,0,990,19,4.6,1,1438.29,0
60.48,16,1,1153,16,17.7,0,667.75,0
1469.61,3,0,1779,12,0.2,0,203.77,0
96.5,15,0,372,12,1.5,0,25.0,0
57.83,21,1,1773,7,35.0,0,11.37,0
20.77,18,1,1520,15,98.4,0,848.69,0
149.59,14,1,1326,11,13.6,0,30.75,0
204.69,6,0,247,19,1.6,0,531.72,0
9.24,3,1,3498,0,747.8,0,224.96,1
26.4,5,0,3031,4,197.6,0,53.21,1
1339.37,1,0,2489,13,0.3,1,1145.29,0
750.5,5,0,1571,12,0.5,0,76.93,0
164.14,18,1,808,15,3.9,0,102.89,0
162.57,14,0,470,15,2.6,0,182.38,0
81.44,15,1,258,17,22.7,0,144.36,0
183.59,12,0,1731,9,1.1,0,120.96,0
765.05,4,0,1607,14,0.5,0,757.33,0
2540.11,3,1,2675,2,0.3,0,5.05,0
17.93,15,0,2905,6,101.6,0,29.66,1
12.69,10,1,3309,1,440.0,0,73.33,1
6.3,23,0,948,7,101.1,0,9.67,0
58.39,4,1,1125,19,93.3,1,1732.01,0
24.77,18,1,320,14,56.9,0,36.8,0
488.79,12,1,1407,9,1.1,0,22.44,0
8.75,1,1,3059,1,737.8,0,25.3,1
1216.76,3,1,1920,11,0.7,0,82.42,0
633.42,6,1,1009,13,2.5,0,30.2,0
929.96,12,0,1960,8,0.2,0,34.98,0
322.44,12,1,2763,6,15.1,0,111.56,0
11.27,14,1,3513,1,524.3,0,500.79,1
2805.02,3,1,2965,8,0.1,1,1022.01,0
38.52,14,1,2146,17,150.2,1,761.88,0
1248.31,6,0,2089,6,0.4,0,10.27,0
2171.47,0,0,1637,9,0.2,0,19.85,0
5.68,21,0,2942,4,192.4,0,12.44,1
34.88,7,0,2973,4,87.6,0,23.69,1
141.22,15,0,569,13,0.6,0,49.96,0
1087.84,7,1,2166,8,1.3,0,21.14,0
39.64,15,0,1405,19,8.9,0,1988.05,0
37.9,23,0,180,10,1.8,0,8.37,0
30.1,15,0,658,18,25.6,0,792.16,0
47.88,20,0,226,16,6.3,0,72.02,0
459.96,4,0,883,12,1.9,0,28.19,0
839.45,9,0,1658,9,0.2,0,58.74,0
8.53,22,1,198,19,126.1,0,327.2,0
1670.3,15,0,2772,1,0.2,0,5.17,0
256.91,7,0,1664,14,6.6,0,349.5,0
423.24,3,1,171,20,4.7,1,1650.91,0
2708.0,5,0,2281,3,0.1,0,5.03,0
37.42,21,0,1062,7,14.4,0,9.73,0
17.42,20,1,3606,2,332.9,0,1425.41,1
7.9,23,1,3610,2,508.0,0,1446.93,1
31.99,19,0,1684,8,33.3,0,23.83,0
2314.99,3,1,2078,5,0.2,0,5.59,0
5.79,20,1,220,19,170.4,0,1201.56,0
8.59,17,1,3369,2,420.6,0,105.7,1
57.46,21,0,242,12,2.3,0,16.68,0
25.33,11,0,3157,5,157.8,0,150.1,1
5.72,15,0,3254,0,563.4,0,16.48,1
2924.17,6,0,2580,2,0.1,0,5.37,0
30.89,15,1,1952,16,107.7,0,743.83,0
815.61,13,0,2005,9,0.3,0,132.74,0
507.92,9,1,656,18,0.9,0,773.39,0
1898.38,2,0,1941,16,0.2,1,737.17,0
403.4,12,0,2201,12,1.2,0,419.62,0
38.15,16,1,2608,10,67.2,0,533.32,0
6.56,18,0,3265,2,296.2,0,30.02,1
36.01,10,1,353,20,71.2,1,1631.23,0
49.91,15,1,2111,11,78.6,0,96.9,0
5.7,21,1,3318,2,487.9,0,118.1,1
452.65,12,0,622,7,0.3,0,7.29,0
7.34,23,1,3603,2,424.4,0,1152.18,1
106.22,13,0,2571,10,21.9,0,461.86,0
872.31,4,1,3013,6,18.2,1,277.47,0
22.94,17,1,494,16,86.0,0,140.52,0
125.85,14,0,1961,11,8.4,0,233.9,0
6.52,15,1,3628,0,761.4,0,424.68,1
375.98,3,0,729,17,1.8,0,522.25,0
26.23,13,1,549,20,72.8,0,1314.6,0
9.95,8,1,3232,2,422.5,0,94.89,1
5.77,9,0,3174,1,531.4,0,12.51,1
810.41,10,0,589,11,0.2,0,20.21,0
863.97,17,0,861,4,0.2,0,5.15,0
20.12,3,1,3201,2,454.0,0,81.44,1
2004.52,0,0,2007,8,0.2,0,43.4,0
30.98,17,0,3362,2,160.7,0,262.11,1
40.93,16,1,925,20,91.2,1,1670.82,0
62.85,15,1,1722,13,66.0,0,157.0,0
73.52,8,1,2491,14,70.6,0,1078.66,0
688.38,7,1,2779,5,7.0,0,28.27,0
29.06,18,1,2064,17,67.5,0,1716.5,0
1084.36,7,1,2040,9,0.5,0,46.92,0
512.82,16,1,775,10,0.5,0,12.29,0
675.29,3,1,1905,8,5.8,0,10.74,0
2178.43,2,0,1078,5,0.1,0,5.47,0
2103.08,1,1,2447,12,0.3,1,432.39,0
715.33,14,1,1003,6,0.9,0,5.44,0
266.97,22,0,2443,6,0.5,0,119.88,0
81.97,10,1,797,16,85.6,0,151.45,0
5.08,23,0,3,20,148.2,0,350.55,0
35.78,17,1,140,19,34.8,0,771.07,0
1360.97,0,1,2071,17,5.1,1,612.16,0
207.99,16,0,2389,9,1.8,0,581.75,0
17.03,12,1,3216,1,324.1,0,82.18,1
1228.5,13,0,1878,7,0.1,0,35.72,0
1101.85,7,1,2246,9,1.5,0,35.08,0
2143.85,2,1,1631,9,0.2,0,11.75,0
594.15,8,1,1005,6,3.1,0,6.17,0
12.98,17,1,3292,3,218.2,0,136.37,1
1094.82,2,1,731,17,0.8,1,329.17,0
769.96,3,1,1600,13,3.4,0,125.02,0
203.39,20,0,2250,5,0.8,0,18.64,0
231.16,11,0,1852,7,2.6,0,18.53,0
234.89,3,1,1784,14,22.8,1,293.73,0
25.41,12,0,5,20,8.8,0,1253.05,0
17.87,18,0,545,14,48.4,0,78.33,0
20.37,23,0,12,18,9.7,0,107.94,0
13.66,18,1,3570,1,340.5,0,412.14,1
26.66,12,1,1310,19,62.2,1,1758.16,0
8.5,6,0,2757,4,146.9,0,5.91,1
120.34,4,1,1000,20,45.2,1,1806.23,0
12.02,8,0,3230,1,407.6,0,42.37,1
192.0,11,1,1461,15,3.5,0,471.65,0
46.52,21,1,2038,9,17.2,0,106.02,0
431.44,12,1,1901,12,0.9,0,205.0,0
68.74,22,0,1074,6,1.5,0,9.24,0
43.64,12,1,2423,13,69.6,0,768.77,0
504.68,15,0,2420,6,0.8,0,21.52,0
474.91,10,1,295,14,2.1,0,18.86,0
216.14,11,0,1660,11,4.5,0,229.04,0
47.42,15,1,1083,15,76.5,0,66.42,0
11.53,20,1,3634,2,395.0,0,1404.21,1
7.2,23,1,3236,4,195.9,0,95.17,1
175.55,19,0,182,16,0.2,0,360.14,0
14.84,23,1,1096,9,73.8,0,31.4,0
91.97,21,0,1836,7,1.6,0,46.36,0
16.71,11,0,3112,3,235.5,0,65.44,1
16.6,22,0,162,17,5.4,0,597.66,0
199.52,15,0,1111,8,1.1,0,10.39,0
46.82,23,0,1149,8,1.1,0,62.56,0
79.64,9,1,3623,4,207.7,1,1866.77,1
54.07,23,0,886,11,1.8,0,79.51,0
603.73,7,0,910,13,1.0,0,70.95,0
7.98,23,1,914,15,146.2,0,197.17,0
12.57,12,0,3217,1,369.2,0,53.69,1
1643.78,5,0,1350,9,0.2,0,46.78,0
1809.41,1,1,2516,15,1.3,1,702.66,0
45.05,11,1,3497,3,208.6,0,997.79,1
269.54,11,0,2288,10,2.3,0,323.3,0
6.67,19,1,3422,1,538.6,0,88.3,1
580.99,11,0,1846,5,0.4,0,8.5,0
32.09,16,0,2969,7,57.9,0,72.89,1
1322.33,3,1,2956,8,1.2,1,642.23,0
93.46,14,1,366,17,12.3,0,194.23,0
45.49,17,1,1845,8,68.4,0,20.58,0
582.85,8,0,1748,12,0.3,0,420.88,0
248.02,3,1,2348,14,55.4,1,636.48,0
8.0,19,0,507,19,111.2,0,1362.75,0
437.0,19,1,1043,7,0.6,0,15.76,0
12.05,9,0,2880,4,201.2,0,22.65,1
16.18,8,1,3108,3,331.4,0,54.83,1
149.11,14,0,3044,13,0.4,0,302.67,1
74.7,21,0,1250,7,2.7,0,25.92,0
21.44,17,1,583,14,77.2,0,26.15,0
15.18,14,1,3473,4,342.0,0,871.9,1
56.91,21,1,2620,5,45.6,0,19.26,0
564.5,4,0,1032,11,0.9,0,43.01,0
10.24,20,1,1766,17,161.4,0,764.17,0
85.17,7,1,1872,15,60.3,0,523.82,0
29.63,20,1,3469,6,116.3,0,1197.96,1
359.5,18,0,2569,7,1.7,0,279.98,0
111.44,14,0,2124,12,10.2,0,403.58,0
1566.74,0,0,2841,9,2.6,1,625.14,0
12.61,19,0,271,16,17.8,0,155.13,0
6.75,23,0,466,20,94.5,0,1935.14,0
10.27,17,0,3477,1,301.6,0,108.92,1
11.42,13,0,3066,3,204.9,0,28.61,1
627.37,7,1,309,14,2.2,0,7.34,0
325.55,7,1,2754,6,38.0,0,11.68,0
5.42,23,1,1454,16,186.4,0,617.69,0
249.61,2,0,2520,14,19.2,1,853.79,0
10.74,22,1,65,18,44.0,0,66.62,0
471.88,13,0,1763,6,0.2,0,19.03,0
268.68,7,0,136,18,1.4,0,54.67,1
6.84,22,1,1695,17,153.6,0,1531.72,0
110.38,16,0,1556,12,6.9,0,123.53,0
2199.45,2,0,1094,7,0.1,0,7.02,0
53.55,14,0,1932,9,36.6,0,22.31,0
7.6,23,0,231,14,5.4,0,193.07,0
457.02,8,0,2889,4,7.2,0,10.97,0
70.75,23,0,1403,5,2.4,0,9.02,0
438.4,13,0,1892,5,0.4,0,9.41,0
477.96,10,1,452,17,0.6,0,164.71,0
54.77,20,1,145,16,7.3,0,50.11,0
17.64,2,1,3320,1,613.6,1,257.44,1
30.49,23,1,2009,8,42.7,0,56.84,0
113.97,15,1,1337,14,16.6,0,364.48,0
7.63,22,0,3143,4,119.4,0,22.38,1
722.23,8,0,2369,9,0.6,0,134.34,0
6.82,20,1,3577,1,494.5,0,307.24,1
153.47,10,0,1887,14,2.6,0,787.42,0
1023.67,10,0,41,17,0.1,0,59.27,0
866.74,9,1,2524,8,3.6,0,58.92,0
1758.04,0,0,2109,16,0.6,1,1180.14,0
24.14,15,1,468,19,117.8,0,713.27,0
1205.14,8,0,2418,5,0.4,0,14.15,0
1232.44,5,1,839,9,1.0,0,8.15,0
13.23,10,0,3119,1,271.9,0,16.43,1
11.2,15,0,3219,2,238.7,0,31.78,1
50.23,5,1,125,20,39.3,1,1587.82,0
198.25,9,0,499,17,0.9,0,551.2,0
65.52,6,1,3283,3,213.3,0,463.24,1
136.77,19,1,2323,15,7.1,0,1234.41,0
53.9,13,1,558,15,46.5,0,63.5,0
204.04,10,0,1065,13,2.0,0,102.58,0
56.01,17,1,3493,6,82.6,0,1173.09,0
252.02,2,0,3146,7,25.0,0,371.1,1
123.46,13,1,503,17,6.1,0,190.77,0
1910.57,0,1,313,20,1.0,1,446.88,0
35.22,17,0,2885,11,12.1,0,62.75,1
1240.35,2,1,2712,10,8.7,1,137.6,0
19.23,11,0,3258,1,269.5,0,48.63,1
12.09,14,1,3415,2,359.4,0,196.58,1
8.13,21,1,3515,3,275.6,0,367.77,1
184.18,5,1,1115,19,49.5,1,1545.56,0
6.12,17,0,3550,0,650.5,0,80.95,1
485.67,14,0,560,9,0.2,0,36.91,0
27.88,17,1,390,19,75.5,0,438.91,0
708.49,10,0,2208,5,0.3,0,14.32,0
212.71,18,1,543,11,1.6,0,18.92,0
8.84,12,1,3429,1,560.8,0,165.7,1
1382.92,1,0,2190,14,0.6,1,541.37,0
740.95,15,1,2411,5,3.2,0,9.47,0
40.02,20,1,1648,14,28.9,0,429.8,0
22.86,22,0,218,19,3.5,0,1059.43,0
6.36,10,0,2838,2,314.0,0,6.93,1
15.42,6,0,3243,0,382.7,0,23.41,1
2532.0,8,0,1828,3,0.1,0,5.57,0
465.88,8,1,532,15,1.6,0,75.11,0
645.7,2,0,892,18,2.1,1,669.76,0
7.85,10,1,3197,3,503.5,0,61.08,1
156.45,15,1,1385,14,13.5,0,88.04,0
32.82,20,1,607,19,38.8,0,741.61,0
335.06,7,0,324,19,0.7,0,1046.81,0
1597.12,4,0,983,9,0.2,0,8.55,0
10.57,20,1,189,17,110.7,0,64.85,0
56.55,10,0,748,19,18.6,0,1742.42,0
48.81,11,0,333,20,19.0,1,1752.9,0
64.27,21,1,653,12,8.1,0,23.55,0
13.27,21,1,3444,3,181.5,0,270.9,1
16.29,12,0,107,15,83.7,0,10.58,0
130.36,21,0,2635,6,2.7,0,151.91,0
6.58,19,1,3307,3,418.7,0,94.61,1
113.6,21,0,1507,4,0.8,0,6.06,0
23.45,12,1,1956,18,117.3,1,1468.78,0
9.6,19,1,3637,1,644.7,0,1621.48,1
991.43,1,1,864,19,2.9,1,746.07,0
9.54,11,1,3557,0,545.9,0,217.01,1
39.9,12,1,3404,4,203.9,0,717.55,1
291.99,10,0,1392,6,1.5,0,7.65,0
1953.85,4,1,2445,11,0.3,1,175.94,0
64.89,13,0,1416,19,4.0,0,1952.61,0
66.15,17,1,1063,15,31.0,0,210.6,0
24.45,22,1,1467,7,52.2,0,16.73,0
1592.01,5,0,1339,17,0.1,0,821.17,0
14.42,23,0,401,13,10.4,0,76.7,0
31.48,20,1,1983,14,36.1,0,1085.14,0
150.07,16,0,351,16,0.6,0,278.31,0
10.92,20,0,142,14,72.5,0,20.45,0
239.44,16,0,45,13,0.6,0,7.04,0
476.43,17,0,2777,4,0.6,0,17.71,0
72.35,19,0,877,8,2.2,0,8.65,0
994.6,8,1,2644,8,0.6,0,101.66,0
20.24,8,0,2914,4,171.9,0,18.09,1
522.77,12,0,2235,4,0.6,0,6.3,0
252.83,19,1,1038,8,1.7,0,10.51,0
339.38,13,1,1677,9,2.1,0,40.87,0
11.79,21,0,523,13,79.0,0,106.98,0
2452.26,1,1,616,14,0.2,1,26.07,0
263.57,6,1,2237,17,19.9,1,1455.63,0
43.92,17,0,1582,13,11.3,0,566.27,0
250.41,7,1,2160,13,17.6,0,315.64,0
2614.33,7,1,1865,5,0.1,0,7.52,0
7.25,6,0,3290,0,702.2,0,20.89,1
17.98,18,0,2690,11,5.1,0,12.0,1
41.19,23,0,1262,7,1.1,0,27.19,0
312.29,10,0,1430,10,2.3,0,57.7,0
7.06,6,1,3004,3,514.9,0,20.33,1
736.23,14,0,2345,8,0.4,0,92.36,0
29.16,0,0,2768,3,321.2,0,9.58,1
575.44,13,1,963,13,0.5,0,48.06,0
599.88,12,0,2102,8,0.5,0,170.23,0
340.47,12,1,2553,9,8.0,0,205.61,0
27.09,15,1,317,20,32.4,1,1970.25,0
795.0,12,1,2230,6,1.8,0,14.58,0
2285.55,5,0,2622,3,0.2,0,6.2,0
40.15,20,0,383,13,13.9,0,33.84,0
1775.0,4,0,1478,7,0.2,0,9.5,0
75.18,13,0,306,13,3.0,0,38.27,0
2157.62,1,1,1209,16,0.4,1,195.99,0
8.03,21,0,3192,3,158.6,0,19.67,1
41.99,14,1,6,20,14.2,0,79.99,0
2942.95,0,0,2746,12,0.1,1,1249.3,0
11.98,19,1,3504,3,273.2,0,608.5,1
39.39,17,1,594,18,50.8,0,269.28,0
33.89,20,1,3177,7,44.2,0,238.86,1
407.29,20,1,2383,4,1.6,0,9.13,0
140.77,12,1,1388,17,36.8,0,390.49,0
136.33,8,0,2175,11,9.8,0,241.74,0
57.64,14,1,348,18,16.9,0,380.1,0
997.79,4,0,1240,10,0.5,0,29.48,0
1960.12,3,0,689,11,0.2,0,13.24,0
16.65,21,1,2060,8,92.9,0,19.44,0
43.36,10,1,2212,13,115.7,0,96.61,0
1498.1,2,1,2834,11,6.1,1,398.77,0
54.94,22,0,2221,8,2.7,0,351.61,0
143.04,22,1,215,17,0.8,0,231.11,0
173.87,9,0,1690,9,11.7,0,22.99,0
69.18,14,1,1027,17,16.4,0,726.21,0
1479.05,0,0,2657,7,2.0,0,25.69,0
900.67,8,0,2469,3,0.3,0,6.71,0
264.41,13,1,3340,9,10.9,1,1464.38,1
126.25,9,0,585,18,4.5,0,437.6,0
957.13,4,0,1627,11,0.4,0,54.34,0
391.95,14,0,2438,8,1.2,0,112.57,0
5.89,21,1,3540,1,665.3,0,512.94,1
98.37,22,0,187,6,0.3,0,5.69,0
2639.55,3,0,2765,4,0.1,0,9.61,0
272.14,21,0,1642,4,0.6,0,5.52,0
1998.11,5,0,2672,6,0.1,0,79.27,0
246.44,15,0,2139,8,1.3,0,106.34,0
233.39,7,1,2451,9,32.6,0,52.73,0
221.74,16,0,2113,9,1.7,0,160.33,0
2049.93,5,1,2745,7,0.3,0,41.62,0
112.52,21,0,1839,7,2.6,0,17.82,0
188.35,2,1,636,18,30.0,1,129.6,0
114.7,17,0,288,11,4.5,0,13.94,0
66.36,21,1,1876,11,24.3,0,230.42,0
34.33,14,0,3298,8,27.0,0,243.19,1
37.18,23,1,1491,9,15.7,0,41.99,0
23.83,22,1,3612,3,182.3,0,1473.19,1
18.45,22,0,251,16,7.2,0,335.14,0
151.52,18,0,1775,4,3.1,0,5.41,0
299.56,17,0,841,5,0.4,0,5.67,0
1280.68,10,0,2120,7,0.2,0,98.37,0
137.21,11,0,1761,8,9.0,0,14.93,0
105.54,9,0,300,15,10.8,0,31.97,0
847.54,14,0,1244,3,0.2,0,5.25,0
468.87,20,1,1721,3,1.2,0,5.18,0
42.67,20,0,2398,5,12.6,0,26.95,0
257.73,12,1,2394,11,5.6,0,536.53,0
9.7,17,0,3316,3,200.3,0,78.8,1
349.3,12,1,2522,10,5.5,0,474.49,0
79.89,11,1,373,19,9.1,0,1128.26,0
16.76,11,0,828,16,99.8,0,337.16,0
157.45,4,1,1073,19,47.7,1,1043.67,0
7.11,22,1,738,19,130.7,0,1855.62,0
29.25,18,1,950,13,58.7,0,125.39,0
495.09,9,0,2808,7,2.0,0,595.87,0
200.8,7,0,1408,18,4.7,1,1513.47,0
259.39,3,1,2677,15,53.7,1,1291.17,0
13.48,23,0,906,15,32.7,0,539.75,0
15.47,16,1,3508,3,357.8,0,942.56,1
8.05,23,1,1082,9,47.3,0,57.52,0
79.38,14,0,1562,10,2.8,0,126.91,0
428.69,8,1,1386,10,2.9,0,45.67,0
330.8,21,0,1487,4,0.2,0,5.88,0
566.31,4,1,1288,16,6.1,1,200.74,0
212.03,5,0,2498,10,14.6,0,296.39,0
45.2,16,1,2191,12,40.2,0,312.82,0
73.75,22,0,2303,8,1.1,0,423.41,0
479.49,4,1,1317,11,4.8,0,16.34,0
2278.25,4,0,1202,8,0.1,0,14.1,0
110.02,17,0,634,9,0.7,0,25.84,0
1741.25,3,1,2347,7,0.4,0,12.07,0
8.42,21,0,3210,3,136.7,0,29.57,1
13.61,21,1,3604,1,372.5,0,1006.8,1
50.72,17,1,229,18,23.8,0,117.04,0
12.53,2,1,3500,1,751.2,1,561.2,1
216.83,6,0,1589,18,3.6,1,1606.97,0
6.73,14,1,3405,0,616.4,0,56.16,1
402.11,9,0,1390,11,1.4,0,50.42,0
5.05,15,1,3084,0,744.5,0,7.84,1
389.45,5,1,581,13,6.8,0,11.57,0
84.9,16,1,1045,12,11.2,0,69.9,0
52.37,18,0,143,9,3.8,0,6.91,0
192.62,21,1,2129,3,4.1,0,5.08,0
5.61,17,0,3148,2,396.7,0,16.83,1
7.95,11,0,3164,3,346.7,0,44.32,1
108.28,15,1,1985,12,19.4,0,124.64,0
7.88,21,0,2338,16,143.6,0,1878.0,0
386.96,14,0,2162,4,0.9,0,6.79,0
116.18,14,0,3028,11,0.3,0,103.2,1
2421.07,4,0,2460,8,0.1,0,255.9,0
8.73,20,0,3188,4,199.4,0,60.89,1
14.24,22,0,1938,14,44.8,0,1375.05,0
277.42,6,1,240,12,5.0,0,6.35,0
152.0,17,0,105,15,1.7,0,36.04,0
22.57,15,0,3179,3,151.6,0,68.86,1
1576.8,15,0,2051,5,0.1,0,17.24,0
75.42,20,0,1498,11,1.3,0,185.14,0
135.46,11,0,780,19,4.0,0,1346.51,0
129.53,13,0,766,18,6.8,0,1183.68,0
470.37,14,1,2097,10,1.0,0,167.2,0
6.04,16,0,3281,1,411.3,0,16.58,0
24.29,19,1,3551,5,104.8,0,801.71,1
107.93,8,1,2332,7,69.3,0,14.98,0
12.37,15,1,3378,3,312.6,0,294.62,1
2868.56,1,1,1523,7,0.1,0,6.41,0
54.24,20,0,1394,14,12.5,0,752.8,0
490.36,7,1,1051,18,9.0,1,322.33,0
20.97,23,1,3387,5,18.0,0,441.55,1
116.92,19,0,233,7,3.0,0,5.26,0
15.72,19,0,3122,2,123.3,0,28.7,1
366.47,8,1,1067,13,4.9,0,93.76,0
767.5,9,1,1848,10,1.4,0,40.75,0
7.51,8,1,3613,0,792.8,0,590.54,1
28.6,10,1,530,20,105.8,1,1564.2,0
71.89,17,0,1158,11,6.2,0,103.51,0
1318.11,0,1,868,17,1.0,1,383.53,0
114.33,13,1,202,19,11.0,0,209.35,0
237.92,19,0,2069,8,0.3,0,128.05,0
23.23,11,0,2934,5,80.1,0,27.27,1
978.82,10,0,815,11,0.2,0,31.12,0
16.03,22,1,1069,13,55.6,0,133.94,0
196.98,10,0,587,16,3.0,0,197.76,0
16.81,21,0,2467,9,51.1,0,184.03,0
7.04,6,1,3394,0,695.9,0,49.22,1
21.1,17,0,3168,6,125.5,0,178.6,1
9.15,15,1,3268,3,348.2,0,139.26,1
909.36,11,1,2584,7,1.0,0,71.59,0
201.44,9,1,1321,18,16.5,1,816.26,0
666.7,12,0,2628,8,1.0,0,190.2,0
11.31,19,0,3294,2,243.0,0,69.06,1
52.87,10,0,2496,14,15.8,0,1283.46,0
51.04,12,1,3522,2,234.5,0,1069.0,1
18.69,11,1,3155,4,251.9,0,92.64,1
220.33,13,0,1927,8,3.2,0,23.62,0
17.81,23,0,985,9,9.5,0,63.12,0
309.3,16,1,1007,8,1.8,0,8.32,0
2648.01,0,0,2882,5,0.2,0,47.77,0
1868.25,10,0,2723,4,0.2,0,11.64,0
11.68,21,0,3048,5,59.8,0,43.53,1
12.29,7,0,2726,4,179.8,0,7.91,1
99.0,5,0,3225,2,127.8,0,106.66,1
1826.87,4,0,2748,4,0.2,0,12.55,0
371.19,15,1,1993,11,3.2,0,116.34,0
102.87,1,0,3263,3,162.9,0,220.29,1
2220.66,0,1,2087,9,0.6,1,12.74,0
941.94,4,1,2140,14,3.2,1,273.35,0
1264.4,4,1,1936,10,1.0,0,35.29,0
1305.51,5,0,1585,9,0.3,0,12.93,0
33.14,22,1,662,12,21.5,0,31.49,0
2096.37,0,1,2515,14,0.7,1,655.85,0
2823.03,6,1,1540,9,0.1,0,26.79,0
1763.68,11,0,1449,5,0.1,0,8.17,0
59.33,9,0,2062,14,31.9,0,549.55,0
1256.33,2,1,2407,10,1.2,0,77.39,0
2109.83,0,1,2350,14,0.3,1,653.89,0
15.77,16,0,3303,3,191.5,0,128.82,1
207.33,15,0,1943,6,0.7,0,21.08,0
347.07,11,1,1098,14,1.8,0,119.16,0
32.61,13,0,3438,2,216.2,0,328.18,1
546.72,12,1,2361,7,2.9,0,78.09,0
1522.26,18,0,855,6,0.1,0,8.4,0
217.53,13,1,974,11,9.4,0,17.29,1
5.0,23,0,154,17,209.5,0,281.66,0
1904.47,2,1,2213,10,1.8,1,89.91,0
93.16,0,0,3373,2,264.7,1,194.82,1
273.01,14,1,426,8,2.5,0,6.04,0
370.01,6,1,1189,14,3.3,0,120.24,0
664.57,20,1,2484,4,0.6,0,10.2,0
174.99,7,1,1549,19,26.3,1,1641.04,0
34.77,1,0,3035,1,224.1,0,15.57,1
419.19,12,1,2387,5,4.3,0,8.22,0
53.38,18,0,1164,13,7.7,0,100.75,0
10.37,22,1,1155,20,143.0,0,1828.01,0
27.97,5,1,3274,2,327.0,0,181.84,1
855.72,7,1,2582,11,2.8,0,162.75,0
224.6,9,1,1644,9,9.1,0,17.04,0
1856.33,2,1,1764,8,0.3,0,9.81,0
41.86,23,0,1231,5,11.3,0,6.19,0
5.56,12,1,415,20,319.7,1,1763.43,0
218.22,6,1,432,19,7.6,1,638.4,0
24.69,21,0,2770,6,55.9,0,103.82,0
372.38,12,1,1606,13,6.3,0,141.79,0
358.36,9,1,843,19,20.1,1,911.99,0
762.6,4,1,2852,12,9.5,1,877.14,0
2382.64,1,1,2823,11,0.3,1,1227.03,0
5.43,23,0,3199,1,144.9,0,9.16,1
238.68,6,0,698,14,1.1,0,63.31,0
38.03,19,0,2328,6,37.1,0,33.94,0
32.51,23,1,262,10,15.5,0,8.58,0
1030.24,6,1,1963,11,2.2,0,62.18,0
1335.09,7,0,2210,8,0.2,0,108.27,0
178.38,10,0,848,13,5.8,0,69.48,0
301.49,16,0,1857,6,0.7,0,11.0,0
373.58,0,0,753,17,2.2,0,274.17,0
254.45,12,1,799,17,3.3,0,632.68,0
219.62,7,0,403,16,1.0,0,91.26,0
177.81,9,0,275,13,3.6,0,10.64,0
65.94,19,1,1142,10,12.4,0,32.74,0
906.46,8,1,253,12,0.9,0,7.08,0
448.33,9,0,361,18,0.5,0,343.27,0
266.11,5,0,2144,11,8.3,0,75.56,0
2725.39,1,0,2902,10,0.2,1,1527.14,0
146.28,11,1,2575,12,20.7,0,962.54,0
1551.77,4,1,1604,11,0.5,0,41.74,0
1427.89,3,1,1330,13,1.1,0,21.01,0
48.65,20,1,1332,13,23.4,0,165.21,0
2597.66,0,1,2531,12,0.2,1,153.28,0
11.94,15,1,3590,1,519.6,0,895.73,1
260.22,12,0,1080,12,2.0,0,36.15,0
121.11,18,0,1841,16,2.5,0,1726.82,0
2751.68,7,0,2294,3,0.1,0,6.13,0
1797.87,12,0,2432,5,0.1,0,40.63,0
13.88,16,0,3159,3,155.7,0,42.88,1
1628.08,0,1,671,15,1.1,1,13.28,0
6.16,23,0,1264,13,140.4,0,285.92,0
127.07,12,1,2673,13,34.4,0,1212.41,0
343.75,7,0,2971,12,0.6,0,361.22,1
1137.68,17,0,2478,5,0.2,0,18.81,0
102.54,8,0,2049,18,25.2,1,1906.35,0
293.87,4,1,640,18,9.8,1,256.67,0
2933.55,0,0,1786,8,0.1,1,13.05,0
243.31,18,1,2018,6,10.3,0,6.95,0
1017.14,4,0,2719,8,1.2,0,268.47,0
121.89,16,0,1903,7,5.0,0,24.34,0
22.28,20,0,1396,17,23.1,0,1536.32,0
5.98,22,1,3435,3,400.3,0,236.01,1
22.5,14,1,3643,1,470.6,0,1611.79,1
265.26,6,1,1974,13,15.3,0,99.85,0
20.9,18,1,600,18,76.2,0,297.28,0
108.62,16,0,1219,13,4.8,0,249.84,0
550.23,14,0,1166,7,0.4,0,15.43,0
27.61,20,1,1615,16,43.0,0,1275.79,0
286.44,16,0,1303,7,1.4,0,19.91,0
2397.93,1,0,3046,4,0.3,0,29.31,0
951.03,3,0,2296,12,0.4,0,554.51,0
5.54,22,1,3548,2,339.0,0,215.72,1
2436.61,11,1,2204,3,0.1,0,5.39,0
174.43,16,0,1688,9,3.3,0,52.42,0
568.12,3,0,1730,14,2.0,0,252.1,0
10.11,10,1,3424,2,529.0,0,338.17,1
187.15,1,1,1438,18,34.5,1,841.09,0
36.59,7,1,3256,3,215.3,0,187.37,1
59.9,19,0,1133,15,3.9,0,494.82,0
1167.18,2,0,2100,10,0.5,0,100.45,0
137.65,13,0,1713,12,5.4,0,185.69,0
2656.5,1,1,1888,6,0.2,0,7.12,0
2206.5,1,1,645,11,0.2,0,7.98,0
68.08,20,0,2615,5,7.7,0,28.02,0
17.2,3,1,3460,1,624.7,1,409.68,1
697.25,17,0,1837,10,0.2,0,417.11,0
509.55,8,1,2850,9,13.7,0,336.15,0
8.95,23,0,1620,13,76.9,0,470.24,0
104.87,13,0,54,19,1.9,0,683.96,0
240.98,19,0,76,10,0.2,0,7.38,0
1675.65,1,0,810,13,0.3,0,34.77,0
77.13,12,1,945,16,32.0,0,308.16,0
15.13,19,1,3331,4,225.2,0,260.55,1
236.4,10,1,393,19,7.9,1,576.54,0
12.33,19,1,3402,2,307.0,0,264.48,1
6.65,19,1,3270,1,456.1,0,56.67,1
1077.44,16,0,2075,9,0.2,0,396.39,0
752.91,1,0,1071,11,3.1,0,13.98,1
46.22,22,0,1947,13,4.3,0,644.16,0
836.76,11,1,2436,6,2.1,0,11.5,0
2952.38,0,0,2578,2,0.1,0,5.09,0
9.13,18,1,3542,2,526.6,0,917.47,1
119.57,18,1,1565,8,8.0,0,29.75,0
31.89,20,1,2358,13,54.4,0,818.71,0
19.54,21,0,2151,7,48.8,0,290.23,0
64.48,2,0,2984,3,160.0,0,53.85,1
8.67,14,0,3009,2,322.6,0,19.79,1
1405.22,0,1,1432,18,9.2,1,454.99,0
171.66,8,1,2367,18,31.7,1,1912.07,0
427.32,14,0,2299,8,0.5,0,111.9,0
14.33,19,0,344,19,48.0,0,1412.65,0
521.09,7,0,700,13,1.1,0,20.64,0
108.97,14,1,1040,18,13.3,0,488.92,0
883.55,5,0,2405,8,0.7,0,39.31,0
9.98,17,1,3133,4,245.2,0,85.44,1
67.86,16,0,1368,10,2.2,0,222.95,0
16.23,18,0,39,19,7.8,0,317.54,0
177.24,11,0,782,12,1.8,0,131.95,0
62.05,14,1,2055,13,42.9,0,898.42,0
13.31,6,1,2925,4,318.3,0,37.47,1
1432.47,11,0,2243,7,0.2,0,33.64,0
289.2,5,1,2029,10,51.3,0,24.41,0
168.39,5,1,1646,9,41.2,0,11.82,0
5.11,22,1,627,19,239.8,0,1334.45,0
5.33,5,1,3194,0,775.2,0,15.85,1
1746.83,4,1,1916,7,0.3,0,22.11,0
80.41,14,1,1861,14,27.2,0,352.66,0
342.65,5,0,280,16,1.2,0,81.2,0
115.8,4,1,3223,5,141.1,0,320.41,1
6.71,13,0,3117,2,447.9,0,25.53,1
2564.62,0,1,2226,17,0.3,1,1062.61,0
226.77,7,0,2381,10,19.8,0,339.18,0
32.4,13,0,591,18,43.8,0,519.13,0
455.56,13,0,1591,12,0.6,0,146.98,0
34.55,20,1,1295,9,66.9,0,14.8,0
10.17,13,0,3055,1,124.4,0,7.32,1
60.29,15,1,419,20,42.5,1,1370.94,0
1418.78,11,0,1945,7,0.2,0,29.39,0
6.4,23,0,43,19,85.3,0,869.29,0
82.49,5,1,1414,20,122.7,1,1958.48,0
5.47,9,0,2714,3,458.1,0,5.84,1
287.36,12,1,1940,16,5.8,1,1264.37,0
60.87,11,1,178,17,24.5,0,41.49,0
757.74,9,1,1719,13,1.2,0,235.3,0
1460.24,3,0,2922,9,0.8,1,679.87,0
303.42,16,1,153,17,0.4,0,51.18,0
33.78,8,0,3130,2,211.4,0,86.47,1
314.29,4,1,392,17,6.3,0,97.78,0
132.46,22,0,603,8,0.7,0,8.76,1
25.25,8,1,3351,2,402.1,0,298.17,1
144.88,20,1,598,19,1.0,0,1429.69,0
116.55,18,1,1423,15,9.3,0,559.52,0
1874.24,1,1,501,20,0.3,1,1540.93,0
9.85,23,0,176,15,57.1,0,79.03,0
560.89,3,1,1186,17,5.0,1,546.26,0
112.88,5,1,282,20,33.2,1,1295.05,0
1260.36,9,1,2710,10,0.4,0,796.92,0
1050.21,2,1,2416,15,3.7,1,1018.95,0
12.21,1,0,3097,1,571.0,0,18.31,1
1713.61,1,0,2117,15,0.3,1,514.48,0
196.35,18,1,1217,16,13.2,0,384.69,0
2778.22,1,0,2732,5,0.1,0,41.37,0
10.44,6,1,3425,0,689.7,0,43.14,1
5.59,4,0,3038,0,741.1,0,7.89,1
19.17,2,0,3354,1,533.8,0,81.68,1
2082.99,0,1,2693,14,1.8,1,780.37,0
142.12,21,0,998,10,0.8,0,70.11,0
67.43,11,0,769,12,12.7,0,44.19,0
2886.98,0,0,2168,8,0.1,0,16.24,0
1126.81,0,1,2265,17,16.2,1,1034.33,0
20.84,11,0,3259,1,288.3,0,69.69,1
47.27,11,0,2761,7,12.3,0,15.29,1
374.77,8,1,1578,12,8.6,0,74.66,0
543.23,12,1,1907,9,2.4,0,35.5,0
63.66,9,1,2045,16,102.1,1,544.63,0
35.1,4,1,3440,2,387.9,0,499.29,1
92.56,17,0,1991,9,10.7,0,67.02,0
5.5,23,0,965,15,165.1,0,321.37,0
441.21,12,1,1381,15,9.9,0,353.72,0
35.33,20,1,3321,5,80.8,0,671.77,1
6.42,19,1,3102,3,308.4,0,28.78,1
76.15,13,1,903,16,17.1,0,303.58,0
1123.21,0,0,2339,14,2.0,1,721.87,0
421.88,16,0,926,12,0.2,0,171.77,0
99.95,19,1,1031,10,11.5,0,25.76,0
1236.39,16,0,2171,3,0.1,0,5.65,0
229.69,7,0,1649,14,3.7,0,509.87,0
1985.37,1,1,2352,15,0.4,1,1025.07,0
25.65,23,0,897,8,5.5,0,40.39,0
395.73,9,1,771,11,4.6,0,13.01,0
17.59,12,1,3615,2,608.1,1,1680.86,1
129.94,9,1,1270,12,54.6,0,28.1,0
131.62,21,0,1054,6,1.5,0,12.21,0
55.3,16,0,2788,7,2.2,0,24.78,1
23.31,19,0,2033,10,63.4,0,127.67,0
482.57,1,0,1144,13,1.3,0,64.46,0
51.7,21,0,346,11,1.7,0,23.9,0
295.75,6,0,1237,15,1.0,0,388.16,0
617.41,10,0,331,6,0.4,0,5.29,0
84.36,5,0,2967,9,39.9,0,146.54,1
48.5,19,0,664,15,4.8,0,415.86,0
588.48,6,0,2653,5,3.0,0,17.93,0
89.08,3,0,10,20,14.4,0,319.45,0
55.83,16,1,3484,4,163.6,0,994.81,1
360.66,12,1,1308,16,3.1,0,785.06,0
123.06,2,1,3228,5,166.6,1,517.57,1
9.18,11,1,3360,2,630.4,0,366.67,1
5.85,19,1,3252,1,468.5,0,32.06,1
903.56,3,0,2624,9,0.4,0,263.69,0
6.54,22,1,3436,2,416.8,0,147.87,1
291.06,9,1,1436,16,10.3,0,237.43,0
639.53,5,1,2195,14,3.1,0,236.72,0
1450.92,4,1,2847,5,1.3,0,35.93,0
11.09,23,1,707,11,56.4,0,23.13,0
160.5,16,1,1151,12,13.4,0,60.71,0
894.93,4,0,680,14,0.2,0,42.63,0
1288.91,5,0,2142,5,0.5,0,8.3,0
6.97,4,1,3462,0,771.7,0,180.75,1
50.39,16,0,826,18,21.0,0,1298.94,0
7.39,4,0,2891,2,558.3,0,9.96,0
84.09,11,1,1184,15,30.5,0,118.45,0
161.53,3,1,3363,5,188.1,1,1268.16,1
2460.12,0,1,2920,8,0.4,1,497.79,0
1602.24,2,0,2604,5,0.7,0,8.27,0
2390.27,2,0,1728,10,0.1,0,67.63,0
7.56,7,1,3343,0,711.7,0,51.79,1
15.98,19,1,23,19,63.7,0,116.69,0
298.6,3,0,1328,15,6.0,0,496.3,0
10.78,22,0,205,18,18.7,0,571.38,0
1343.66,1,0,244,17,0.4,0,70.53,0
25.57,11,0,3185,3,164.4,0,53.53,1
39.01,22,0,2073,7,13.6,0,18.03,0
32.72,21,1,1651,15,27.5,0,980.01,0
1786.4,1,0,1169,9,0.3,0,12.78,0
319.36,12,0,445,15,0.7,0,184.58,0
26.07,4,1,3248,2,512.6,1,229.73,1
19.92,16,0,3040,4,139.8,0,39.43,1
1080.9,9,1,395,10,0.3,0,11.06,0
1821.03,8,0,2306,6,0.1,0,19.15,0
130.78,8,0,454,11,6.7,0,12.97,0
14.89,19,1,967,16,129.5,0,427.23,0
138.53,14,1,1898,14,7.7,0,583.5,0
308.31,11,0,477,15,0.7,0,71.81,0
12.17,19,1,131,20,92.4,0,1578.33,0
670.98,17,1,2787,5,1.9,0,47.2,0
63.05,12,1,456,18,60.9,0,226.31,0
1916.7,8,1,1611,6,0.2,0,6.28,0
13.18,15,0,2995,4,167.3,0,24.56,1
16.13,21,1,209,16,57.4,0,173.32,0
138.98,16,1,459,8,14.0,0,5.74,0
2734.12,0,0,2471,15,0.2,1,823.63,0
16.5,5,0,2756,5,155.0,0,9.99,1
12.73,8,1,3599,1,724.7,1,1135.04,1
5.94,15,0,2874,2,257.7,0,6.24,1
135.9,14,1,147,14,7.8,0,19.73,0
802.67,13,1,660,16,0.2,0,252.85,0
23.53,18,1,611,19,121.6,0,1037.44,0
2814.01,0,1,2286,5,0.2,0,7.21,0
605.67,16,0,884,13,0.2,0,115.65,0
8.78,21,1,1023,17,120.5,0,766.46,0
11.6,17,1,291,19,122.2,0,253.61,0
56.19,22,0,443,13,1.9,0,74.21,0
6.8,20,0,3314,2,298.9,0,34.46,1
27.26,17,1,90,16,62.5,0,17.14,0
77.87,17,0,81,14,3.4,0,8.52,0
695.02,15,1,1012,10,0.5,0,16.04,0
81.7,12,1,211,16,16.4,0,44.59,0
20.18,16,0,3029,3,61.7,0,20.95,1
501.46,15,1,1146,9,0.8,0,14.45,0
586.59,4,0,2343,13,3.0,1,985.9,0
966.37,5,1,1352,13,1.3,0,172.29,0
12.13,17,1,3389,3,227.2,0,135.15,1
1144.99,10,1,2044,9,0.5,0,35.19,0
134.6,5,1,673,17,19.1,0,159.37,0
2523.91,3,1,1859,7,0.1,0,13.73,0
432.82,6,1,1781,18,7.5,1,1271.97,0
415.19,4,1,813,17,32.1,1,42.24,0
1423.33,1,0,1518,11,0.5,0,28.96,0
2483.85,2,0,2274,7,0.2,0,41.12,0
972.57,13,0,2560,7,0.2,0,166.7,0
1832.72,2,1,397,17,0.4,1,59.99,0
31.38,22,0,213,13,7.5,0,11.23,0
351.54,6,0,94,19,0.5,0,276.64,0
408.6,9,1,1795,11,10.1,0,22.92,0
247.23,15,0,1826,7,0.7,0,49.37,0
89.65,22,0,1489,4,0.8,0,5.95,0
493.5,11,0,1930,14,0.7,0,903.83,0
400.83,7,0,1251,15,0.4,0,444.21,0
1935.19,1,1,2706,15,1.0,1,1660.83,0
36.71,5,1,3287,3,316.9,0,288.5,1
39.26,17,0,1425,11,24.1,0,49.67,0
141.67,7,0,978,16,3.4,0,408.45,0
981.95,3,0,2325,12,0.5,0,299.06,0
94.36,19,1,1228,18,11.4,0,1230.72,0
310.29,11,0,1883,11,1.9,0,92.92,0
445.47,4,1,529,17,8.3,1,78.56,0
656.12,15,0,2462,8,0.4,0,291.1,0
227.49,9,0,286,17,2.4,0,300.86,0
118.05,21,1,2480,6,5.3,0,48.2,0
755.32,0,1,2374,16,12.8,1,700.55,0
5.36,0,1,2991,0,796.4,0,7.96,1
113.24,14,1,832,18,25.1,0,313.76,0
1013.89,10,0,1135,6,0.4,0,6.61,0
97.12,19,1,2177,15,21.7,0,1216.05,0
106.9,8,1,2518,14,72.2,1,956.79,0
760.17,9,0,2058,4,0.9,0,6.51,0
74.22,18,0,1427,10,3.5,0,93.48,0
677.45,4,1,937,15,7.4,1,67.22,0
72.81,17,1,2796,8,35.3,0,538.14,0
25.17,2,1,3458,1,647.6,1,569.67,1
115.07,11,0,1147,16,1.7,0,506.83,0
6.48,15,0,3020,3,217.2,0,11.3,1
34.99,23,0,1370,12,2.9,0,698.46,0
1220.66,7,0,414,9,0.1,0,13.57,0
7.93,17,1,3520,1,555.8,0,241.01,1
10.34,23,1,1965,14,156.4,0,261.33,0
225.32,10,1,297,17,14.2,0,44.85,0
378.39,3,0,1662,13,5.6,0,86.99,0
499.86,3,1,921,17,2.4,1,289.36,0
487.23,10,0,2566,9,0.9,0,483.1,0
388.2,12,1,2122,12,1.9,0,234.6,0
5.23,12,1,3639,0,800.0,0,406.01,1
621.38,19,0,207,10,0.1,0,9.38,0
852.99,10,1,2536,14,0.6,1,1811.65,0
98.68,13,0,1512,13,7.6,0,189.06,0
382.04,14,0,853,12,0.5,0,47.34,0
5.66,8,1,3495,0,778.7,0,55.99,1
30.3,20,1,684,16,30.6,0,511.41,0
13.35,19,0,3163,6,83.4,0,67.43,1
282.79,11,1,2305,9,27.3,0,26.23,0
14.15,3,0,3186,1,472.8,0,38.96,1
210.0,4,1,1737,11,25.3,0,37.7,0
90.51,15,0,2597,8,11.7,0,177.0,0
78.63,23,0,514,7,0.4,0,7.86,0
19.36,14,0,3139,3,138.6,0,27.11,1
5.45,20,1,3581,1,692.8,0,286.77,1
48.03,3,1,3234,3,220.1,0,143.07,1
41.06,0,0,2776,4,178.2,0,10.93,1
1209.0,3,1,1635,10,1.4,0,10.61,0
18.99,18,1,3632,0,553.3,0,1322.51,1
33.03,17,1,173,18,30.3,0,340.2,0
2980.86,0,1,2179,11,0.2,1,30.38,0
394.46,19,0,264,7,0.1,0,13.61,0
5.74,22,0,3393,1,405.8,0,32.26,1
67.0,16,1,737,17,18.5,0,621.4,0
5.4,12,0,3037,2,565.9,0,10.05,1
38.27,17,0,519,16,18.9,0,217.66,0
179.52,18,0,1527,7,1.5,0,27.35,0
1174.68,7,1,362,15,0.2,0,68.65,0
102.22,5,1,3572,2,223.1,1,1383.32,1
57.28,9,0,302,16,3.6,0,208.09,0
1844.49,3,0,2900,6,0.3,0,209.97,0
53.21,21,1,1313,10,10.8,0,30.47,0
10.81,21,1,364,20,81.5,0,1800.82,0
65.73,11,1,1034,18,33.5,0,659.79,0
1886.27,1,1,2911,5,4.3,1,51.02,0
284.61,4,0,1626,12,6.5,0,122.06,0
304.39,9,1,1419,11,7.1,0,39.67,0
101.56,13,1,129,18,10.0,0,114.61,0
2010.94,3,0,1447,15,0.1,0,909.26,0
1947.61,11,0,2378,4,0.1,0,9.64,0
27.44,23,1,2540,5,75.9,0,14.53,0
7.75,8,1,3597,0,785.7,0,445.54,1
527.81,5,0,2354,10,4.4,0,99.25,0
50.88,2,1,3502,2,430.2,1,977.08,1
163.61,15,1,1814,8,18.1,0,21.98,0
66.79,13,1,2133,13,45.4,0,690.13,0
2796.06,5,0,2650,4,0.1,0,14.23,0
16.39,7,0,870,19,135.5,1,1101.53,0
2572.84,1,1,802,5,0.2,0,5.0,0
5.31,23,1,74,19,179.0,0,250.59,0
237.16,20,0,423,10,0.4,0,14.84,0
611.51,8,0,2202,9,1.1,0,140.94,0
1293.04,6,0,2792,6,0.2,0,101.97,0
117.67,12,0,2321,15,15.2,0,1508.94,0
538.04,7,0,1469,12,1.4,0,135.96,0
2359.87,4,0,1131,4,0.1,0,5.23,0
354.93,11,1,1653,13,14.8,0,64.08,0
234.14,13,1,2259,10,6.9,0,201.95,0
15.23,21,1,446,18,100.2,0,222.28,0
1189.81,8,1,1056,13,0.4,0,52.89,0
60.09,21,1,1016,14,52.0,0,37.92,0
1074.0,6,1,2014,9,0.7,0,21.27,0
88.51,11,1,1253,13,24.0,0,64.66,0
42.94,14,0,368,19,15.6,0,1482.05,0
24.06,17,0,78,18,12.2,0,83.92,0
11.83,14,1,3150,3,255.4,0,58.04,1
240.21,7,0,1699,16,3.0,0,1049.95,0
103.2,17,0,711,8,1.0,0,8.6,0
36.83,14,0,3064,6,42.3,0,73.11,1
21.58,6,1,3374,2,335.9,0,162.26,1
813.01,5,0,2011,7,0.7,0,22.04,0
181.26,17,1,1167,7,6.9,0,13.69,0
348.18,2,1,2476,15,53.9,1,925.76,0
8.16,23,1,58,19,63.9,0,402.37,0
12.41,18,0,3349,3,205.8,0,80.23,1
1437.06,0,0,928,14,0.5,1,96.32,0
42.81,18,1,1560,18,26.7,0,1645.97,0
62.45,8,1,2098,11,70.9,0,82.67,0
539.76,15,0,2308,8,0.6,0,131.55,0
30.01,12,1,3261,5,150.9,0,267.67,1
5.16,18,0,2944,1,594.6,0,6.83,1
2063.09,0,0,156,19,0.2,1,418.36,0
5.1,23,0,204,19,165.8,0,1844.53,0
64.68,10,1,3562,2,222.1,0,1141.87,1
5.15,15,1,3247,0,734.5,0,13.48,1
2300.22,1,0,1193,9,0.2,0,10.11,0
7.32,15,0,2931,3,253.1,0,9.76,1
30.69,22,0,381,11,6.6,0,25.38,0
532.9,8,1,1235,15,1.0,0,333.14,0
37.07,17,0,408,17,23.6,0,304.49,0
58.95,17,1,89,17,11.6,0,46.08,0
86.0,20,0,539,11,2.1,0,36.26,0
338.3,3,0,1543,12,10.4,0,32.35,0
34.11,3,0,2960,2,263.5,0,25.23,1
20.31,22,1,563,16,41.5,0,158.89,0
8.45,1,0,3183,0,668.3,0,13.44,1
288.28,17,1,2224,5,2.5,0,6.73,0
473.4,3,0,1474,15,2.2,0,305.4,0
13.53,23,0,412,15,4.1,0,357.99,0
109.67,11,0,1525,15,16.0,0,567.97,0
96.8,18,0,759,10,3.9,0,17.09,0
132.04,21,0,2816,5,4.2,0,80.71,0
10.51,12,0,3221,2,292.2,0,37.14,1
13.14,2,0,2929,1,501.2,0,10.9,1
221.03,7,0,1531,12,4.5,0,33.14,0
1474.32,8,0,2617,4,0.3,0,15.9,0
78.88,14,1,1191,10,29.2,0,22.24,0
831.43,13,0,740,10,0.3,0,17.34,0
195.73,1,0,1673,19,11.8,1,1839.01,0
23.08,18,1,3336,4,148.9,0,212.51,1
53.04,12,0,2840,8,4.7,0,26.47,1
35.9,17,0,1290,11,25.4,0,72.24,0
332.93,4,0,1301,17,1.5,0,806.53,0
1053.58,1,1,1806,11,3.4,0,20.15,0
673.13,7,0,1596,12,0.7,0,101.36,0
6.89,18,1,3398,1,415.0,0,57.35,1
69.4,22,0,613,12,0.5,0,81.93,0
15.28,17,1,618,19,87.2,0,1111.48,0
49.28,18,1,100,19,7.3,0,259.77,0
1148.66,6,0,1441,11,0.3,0,126.15,0
404.69,20,0,1138,4,0.2,0,7.72,0
8.56,14,0,3250,0,384.4,0,20.39,1
171.11,2,0,629,19,13.9,1,1028.15,0
23.16,20,1,724,18,43.4,0,1338.46,0
45.64,14,0,448,19,18.2,0,1012.86,0
7.78,23,0,1162,15,110.2,0,755.06,0
619.39,19,0,943,5,0.2,0,5.72,0
8.32,21,1,3506,2,293.5,0,397.58,1
7.02,15,0,3431,1,374.2,0,50.72,1
33.67,4,0,2814,4,147.6,0,16.38,1
8.26,20,1,3526,2,428.2,0,651.93,1
7.27,10,1,3212,4,362.6,0,107.62,1
14.56,6,1,3582,1,605.4,1,861.5,1
5.26,16,1,3367,1,718.2,0,58.39,1
19.11,9,1,3491,1,434.1,0,389.32,1
126.66,4,1,1564,17,41.0,1,833.56,0
1091.32,20,0,2093,3,0.1,0,5.97,0
1617.69,1,0,1686,16,0.4,1,614.0,0
7.46,10,0,3024,1,445.9,0,8.92,1
1850.4,5,1,2953,6,0.8,0,135.56,0
1186.01,1,1,1790,17,2.1,1,502.29,0
94.06,17,0,571,12,2.8,0,43.79,0
280.99,13,0,1052,8,0.6,0,15.07,0
6.24,12,0,3099,1,426.3,0,11.47,1
5.28,16,1,3206,2,578.8,0,27.6,1
33.35,1,1,3068,3,409.4,0,100.15,1
2841.16,0,1,2095,11,0.1,1,90.18,0
2249.27,0,1,2858,5,1.6,0,8.73,0
5.81,18,0,3026,2,260.0,0,7.93,1
18.27,17,1,50,19,95.8,0,144.8,0
9.89,0,1,3383,0,768.3,1,99.55,1
17.09,3,0,2836,4,162.2,0,8.81,1
91.68,18,0,1248,16,6.0,0,1350.55,0
2329.86,1,0,2297,5,0.2,0,11.61,0
326.6,5,0,1460,17,1.9,0,1065.8,0
68.52,13,1,2493,11,56.6,0,206.23,0
228.95,4,1,1297,18,20.6,1,1040.55,0
15.32,18,0,14,19,22.4,0,73.77,0
20.7,16,0,3015,6,106.3,0,52.11,1
390.69,15,1,837,17,0.5,0,715.41,0
2971.34,2,1,2648,4,0.1,0,6.67,0
323.48,16,0,2440,8,0.9,0,215.07,0
17.31,7,1,3289,3,329.9,0,141.37,1
10.14,22,0,1503,13,41.9,0,661.77,0
1070.57,5,0,1752,10,0.5,0,53.05,0
926.99,5,1,1810,13,0.7,0,206.85,0
18.93,19,1,3451,3,174.3,0,310.02,1
6.1,14,0,3365,1,510.3,0,52.58,1
2043.38,8,1,2646,5,0.3,0,12.81,0
51.87,18,0,2270,10,19.3,0,442.88,0
464.39,5,1,2863,10,7.0,1,1053.1,0
1414.25,0,1,1374,16,1.3,1,243.92,0
8.48,5,0,2832,2,315.4,0,7.61,1
30.39,5,0,70,20,58.2,1,804.12,0
20.64,23,0,434,16,14.1,0,530.13,0
61.45,9,1,2589,15,130.1,1,988.86,0
1633.3,6,0,2272,6,0.2,0,14.36,0
629.38,5,0,350,16,0.9,0,91.81,0
13.1,14,0,2860,4,137.3,0,11.71,1
333.99,19,1,1036,9,0.8,0,14.89,0
1108.93,2,0,2268,10,0.9,0,115.99,0
69.62,7,1,1129,19,113.2,1,1075.43,0
10.85,16,0,63,19,90.4,0,369.98,0
850.26,8,0,2431,10,0.7,0,732.77,0
167.86,21,1,2223,7,5.7,0,20.76,0
78.37,3,1,3486,4,240.9,1,1162.59,1
2877.76,0,1,2843,12,0.2,1,1009.83,0
21.86,18,1,399,19,63.1,0,1522.57,0
1010.65,8,0,1259,15,0.2,0,965.43,0
491.93,2,1,2989,12,15.0,1,1573.6,0
9.01,13,1,3396,2,481.3,0,117.74,1
1212.88,5,0,2356,13,0.2,0,959.66,0
6.95,13,1,3535,0,677.4,0,163.73,1
8.61,21,1,751,18,121.1,0,828.58,0
162.05,12,1,1215,14,18.4,0,35.82,0
10.99,17,1,479,19,124.9,0,431.09,0
2164.54,0,1,1726,12,1.4,1,87.25,0
1622.88,14,0,682,6,0.1,0,6.39,0
274.77,11,1,704,18,2.5,0,675.81,0
379.6,6,0,1879,16,1.4,0,893.05,0
797.55,9,1,989,18,0.3,0,1031.24,0
145.81,8,1,3449,5,98.9,1,1279.62,1
61.06,19,1,169,18,18.7,0,167.7,0
1119.62,10,0,2504,5,0.2,0,14.02,0
352.67,9,0,109,16,0.4,0,44.05,0
213.39,14,0,2170,6,6.5,0,19.09,0
10.4,23,0,61,14,9.5,0,25.61,0
397.0,8,0,1739,11,1.4,0,284.21,0
170.02,8,1,1492,19,11.5,1,1675.83,0
9.1,20,1,3300,4,175.0,0,143.93,1
2581.08,2,1,1894,7,0.2,0,10.83,0
2337.33,3,1,2699,5,0.2,0,8.47,0
155.45,9,1,1200,18,8.6,1,1166.08,0
88.79,12,1,1679,16,21.2,0,794.53,0
1493.31,0,1,1511,18,1.3,1,1190.8,0
14.61,16,0,3075,3,131.3,0,18.14,1
320.38,14,0,1547,11,1.5,0,295.5,0
897.8,13,0,1823,5,0.4,0,6.08,0
17.47,15,0,3090,6,108.7,0,73.99,1
67.21,22,1,784,12,4.0,0,94.32,0
11.56,10,0,3227,3,311.2,0,65.04,1
10.61,19,1,1,20,62.8,0,836.07,0
1197.45,13,0,2684,3,0.3,0,5.45,0
439.8,3,0,806,18,2.1,1,813.82,0
44.2,22,0,134,7,4.9,0,5.86,0
792.46,5,0,1204,16,0.8,0,404.79,0
5.18,22,0,2964,1,228.2,0,5.6,1
262.73,4,1,1239,15,11.8,0,73.55,0
918.13,8,0,961,8,0.3,0,12.11,0
1561.74,6,1,2555,12,0.4,1,648.03,0
654.02,2,1,2670,18,28.1,1,1917.81,0
1387.35,8,0,1899,6,0.2,0,18.42,0
6.26,20,1,38,20,149.6,0,1592.58,0
1527.14,0,0,1428,18,0.6,1,1554.85,0
190.78,11,1,2219,18,10.7,1,1994.01,0
22.72,13,1,1312,16,128.9,0,274.99,0
24.22,19,0,2232,10,59.0,0,245.39,0
15.08,6,0,1856,5,11.2,0,5.11,1
95.88,17,1,919,15,5.9,0,186.25,0
13.79,10,0,2998,1,287.0,0,15.2,1
2023.86,3,0,1567,8,0.2,0,12.59,0
35.55,23,0,404,4,2.0,0,5.02,0
1483.79,17,0,1273,7,0.1,0,12.25,0
2322.41,0,1,2053,11,2.6,1,16.19,0
75.91,22,0,1870,6,1.9,0,31.21,0
9.42,11,0,2827,3,183.9,0,7.68,1
134.17,8,1,417,19,28.6,1,508.35,0
26.83,22,0,328,12,17.5,0,26.0,0
54.59,22,0,1618,6,2.8,0,27.03,0
12.49,2,1,3641,0,789.3,1,1205.16,1
647.77,8,0,2199,3,0.4,0,5.7,0
921.08,3,1,572,16,0.7,0,146.1,0
713.04,1,0,1047,15,1.1,0,203.16,0
7.8,21,0,3338,2,203.0,0,47.91,1
1892.32,1,1,2458,10,0.7,1,168.71,0
58.2,21,1,1343,8,13.1,0,34.04,0
555.54,7,1,2206,10,3.6,0,62.0,0
5.02,23,0,2945,1,325.5,0,5.5,1
12.81,9,0,2883,2,206.7,0,8.42,1
34.44,10,1,330,18,70.3,0,88.83,0
784.89,5,1,1220,12,1.7,0,86.73,0
1330.82,2,1,1717,16,1.3,1,450.91,0
10.88,10,0,3137,1,284.5,0,18.2,1
40.28,16,0,1622,13,5.1,0,692.21,0
86.55,11,1,2701,15,81.9,1,1326.48,0
36.24,16,0,930,15,42.1,0,309.09,0
20.5,16,0,3519,2,214.3,0,433.68,1
1326.57,0,1,819,16,0.7,1,67.83,0
43.22,22,1,1224,14,14.1,0,473.07,0
163.09,16,1,67,15,2.6,0,9.9,0
631.4,16,1,2681,5,1.1,0,30.11,0
607.61,8,0,2527,7,1.2,0,62.93,0
367.65,11,0,631,14,0.8,0,52.26,0
46.67,14,1,2155,15,75.2,0,334.14,0
658.22,7,1,1757,11,6.8,0,17.66,0
244.09,6,1,114,19,12.6,0,160.81,0
1929.0,4,0,822,12,0.1,0,55.49,0
202.74,18,1,1708,17,6.5,0,1121.52,0
285.52,6,1,311,17,4.4,0,90.72,0
170.56,16,1,1494,18,2.0,0,1655.86,0
844.84,4,1,2799,6,3.9,0,21.78,0
190.17,17,0,1868,10,1.2,0,449.57,0
100.59,18,1,1104,11,7.5,0,56.33,0
362.97,5,1,644,17,17.9,1,176.47,0
18.04,16,1,3509,3,391.4,1,1219.7,1
145.34,13,1,485,12,9.3,0,15.95,0
353.8,7,0,1383,6,2.6,0,7.43,0
22.79,14,0,2024,9,68.1,0,192.49,0
1391.8,3,1,2730,13,0.6,1,1310.67,0
2123.37,5,1,534,8,0.2,0,7.06,0
28.24,16,1,3546,2,231.3,0,587.01,1
222.45,1,1,923,20,53.2,1,1790.06,0
232.65,13,1,1434,12,44.4,0,28.44,0
10.21,8,1,3475,2,485.7,0,248.35,1
541.49,7,0,406,14,0.8,0,39.79,0
48.96,8,0,1794,9,82.2,0,30.29,0
11.49,15,1,3356,2,505.7,0,363.39,1
183.0,4,1,1675,19,21.8,1,1850.06,0
1374.1,5,0,1575,6,0.3,0,6.49,0
55.65,12,1,21,19,22.9,0,13.81,0
1297.18,4,0,1934,9,0.2,0,122.42,0
80.92,11,1,801,17,49.3,0,266.87,0
25.74,0,0,2892,1,389.7,0,9.33,1
409.91,7,0,472,15,0.4,0,51.48,0
70.07,15,0,574,11,1.7,0,27.77,0
67.65,15,1,3575,2,195.0,0,1318.55,1
579.13,5,0,527,17,0.5,0,346.38,0
43.08,14,1,1481,17,56.1,0,709.0,0
56.73,17,0,163,15,10.0,0,24.19,0
16.44,16,1,3564,2,464.3,0,1056.26,1
87.66,5,1,3208,6,118.4,0,486.0,1
1272.51,4,1,2642,9,1.1,0,161.78,0
5.96,20,1,450,20,246.3,0,1241.83,0
2375.02,4,0,2546,10,0.1,0,1098.23,0
1966.4,2,1,1087,12,0.2,0,14.62,0
306.35,13,0,2482,7,3.0,0,140.1,0
14.51,8,0,2819,5,154.3,0,12.62,1
40.8,9,1,3635,1,548.4,1,1696.05,1
641.58,14,0,1226,10,0.3,0,48.78,0
393.2,12,0,1989,10,0.5,0,112.91,0
172.21,10,0,1281,10,2.5,0,54.01,0
985.1,3,1,2193,13,2.4,1,440.23,0
690.58,11,1,2630,3,4.2,0,6.63,0
182.42,20,0,567,11,0.8,0,33.74,0
155.95,4,1,1576,19,24.9,1,1721.65,0
99.32,14,0,2602,5,20.0,0,9.3,0
9.48,1,1,3144,1,610.9,0,31.02,1
95.27,20,1,676,16,4.8,0,208.72,0
172.76,9,0,1538,14,5.3,0,373.33,0
7.7,6,0,2958,2,403.9,0,12.14,1
205.35,9,1,1366,19,6.2,1,1923.57,0
880.72,1,1,2148,17,10.6,1,574.82,0
6.63,21,1,3413,1,536.2,0,121.33,1
23.38,15,1,3305,2,210.5,0,201.35,1
22.64,12,0,2721,6,15.2,0,9.84,1
592.25,9,1,667,16,0.9,0,107.3,0
368.83,20,1,830,13,0.3,0,53.37,0
1105.38,6,0,1982,9,0.5,0,43.92,0
80.66,12,1,2505,13,88.8,1,1072.21,0
5.63,16,1,3511,0,683.5,0,139.68,1
101.89,16,0,2463,18,5.2,1,1976.17,0
25.0,3,0,3239,0,285.7,0,21.2,1
2507.81,1,1,2759,10,0.2,1,557.85,0
2413.33,1,1,1777,11,0.2,1,55.66,0
1193.62,7,1,2526,10,0.4,0,306.32,0
51.37,14,1,2076,14,112.7,0,381.24,0
1152.34,5,1,1680,15,0.6,1,724.04,0
71.66,20,0,194,14,2.1,0,17.19,0
6.91,23,1,127,18,78.3,0,464.63,0
412.54,5,0,2735,9,5.8,0,599.45,0
83.55,18,1,1896,13,26.1,0,487.46,0
24.85,20,0,1029,15,21.1,0,1148.73,0
92.86,6,0,979,17,15.9,0,453.63,0
779.88,18,0,1379,4,0.1,0,6.53,0
1607.37,4,0,2115,3,0.2,0,5.21,0
23.99,6,0,3325,1,328.5,0,63.88,1
7.09,23,0,720,14,84.1,0,156.06,0
6.93,1,0,2774,2,462.3,0,5.77,1
21.38,19,0,103,14,35.8,0,15.66,0
1697.24,10,1,1470,7,0.2,0,8.63,0
25.09,4,1,3141,4,304.3,0,113.93,1
7.73,23,0,1208,11,61.1,0,152.82,0
194.48,13,0,160,17,0.3,0,213.78,0
2631.12,0,0,2020,6,0.2,0,6.11,0
68.96,15,1,1275,12,23.5,0,110.89,0
14.65,20,1,678,19,89.2,0,1490.96,0
11.75,11,1,3312,4,267.1,0,121.69,1
19.05,21,1,952,18,70.0,0,1088.4,0
166.25,20,0,958,6,0.4,0,8.35,0
596.06,2,1,1465,14,8.2,1,93.2,1
280.09,10,1,1197,9,9.4,0,13.65,0
28.42,22,1,3407,4,103.9,0,606.68,1
341.56,13,0,773,10,0.7,0,11.1,0
9.39,22,0,994,17,74.2,0,578.27,0
26.15,13,1,3588,2,393.2,1,1342.48,1
2990.42,1,0,2442,4,0.1,0,6.81,0
569.94,10,1,695,12,3.3,0,15.16,0
11.24,16,1,3380,3,294.9,0,348.46,1
42.53,19,0,746,11,8.5,0,33.54,0
7.53,3,0,3006,1,452.0,0,8.89,1
27.52,20,0,1954,14,12.1,0,1499.92,0
328.69,11,0,1213,9,1.4,0,16.0,0
44.06,21,0,1018,14,16.7,0,601.25,0
97.43,22,0,1105,6,1.2,0,8.86,0
9.36,23,1,3524,3,230.3,0,448.22,1
46.08,19,1,554,14,32.9,0,23.34,0
159.99,10,0,1770,13,5.5,0,179.13,0
2665.02,1,0,1354,10,0.1,0,22.78,0
6.28,23,1,3544,1,432.1,0,580.01,1
214.07,18,0,2252,11,0.8,0,730.58,0
6.78,4,0,2913,0,671.3,0,8.45,1
787.4,8,1,1914,8,3.2,0,9.93,0
43.5,15,0,620,17,11.0,0,775.71,0
597.97,1,1,2655,14,15.0,1,808.95,0
15.57,22,0,428,14,33.6,0,59.45,0
18.39,4,0,3002,3,270.7,0,21.72,1
6.34,18,1,1616,19,189.8,1,1940.94,0
98.05,2,0,687,16,47.5,0,61.44,0
28.15,4,1,669,20,133.7,1,1685.91,0
1536.95,2,1,2949,7,3.6,1,204.39,0
7.13,12,1,3478,1,621.9,0,161.29,1
5.91,5,0,2894,2,492.3,0,6.85,1
112.16,20,0,556,15,1.3,0,136.78,0
915.2,7,1,2003,17,0.5,1,934.12,0
449.77,9,0,1335,5,0.7,0,5.9,0
2256.48,5,0,2887,3,0.2,0,8.1,0
85.45,18,1,786,17,23.3,0,341.22,0
36.48,7,0,3272,1,297.5,0,180.21,1
5.87,15,1,3559,1,764.8,0,610.33,1
516.12,11,1,1401,6,4.4,0,7.36,0
16.92,19,0,3457,3,175.8,0,395.2,1
19.73,22,1,1516,13,90.8,0,179.67,0
92.27,18,0,3172,9,1.7,0,310.95,1
6.69,0,1,3128,0,782.2,0,17.55,1
27.35,20,0,1735,12,26.0,0,493.34,0
87.38,15,1,1529,14,26.5,0,266.07,0
5.57,23,1,3561,3,466.4,0,481.65,1
100.27,19,1,1909,8,19.3,0,15.48,0
1276.59,1,1,2626,10,3.7,1,124.27,0
20.05,14,1,3617,1,377.6,0,1124.88,1
385.73,13,0,2692,4,4.3,0,11.2,0
90.22,18,0,120,11,1.3,0,8.05,0
361.81,18,0,901,12,0.3,0,159.85,0
1352.29,15,0,1742,6,0.2,0,16.78,0
912.28,5,0,1178,12,0.5,0,105.39,0
218.92,3,1,2818,14,88.0,1,1245.56,0
45.78,11,1,875,16,46.3,0,171.26,0
5.13,21,1,3573,0,686.6,0,48.49,1
66.57,19,0,702,16,2.0,0,592.31,0
44.91,9,0,2529,8,9.0,0,11.4,1
28.51,21,0,888,13,5.2,0,491.86,1
2292.88,3,0,1711,9,0.1,0,24.12,0
23.76,15,1,3584,4,309.8,1,1486.5,1
271.27,12,1,379,19,1.6,0,778.04,0
122.67,11,1,602,12,19.6,0,12.32,0
193.86,2,1,227,20,24.4,1,1504.42,0
82.76,18,1,1801,13,17.1,0,428.52,0
118.43,10,1,693,18,15.4,0,456.35,0
37.66,23,0,1271,8,3.5,0,50.57,0
2961.84,0,0,1788,6,0.1,0,8.08,0
186.55,19,0,123,7,0.4,0,5.42,0
133.74,13,0,1377,10,6.0,0,24.93,0
2213.57,8,1,2708,4,0.2,0,7.58,0
55.12,18,1,633,13,36.0,0,24.26,0
23.68,14,0,2867,8,14.9,0,18.98,1
189.56,18,0,1755,6,1.1,0,16.09,0
969.47,1,0,1346,18,0.8,1,1306.75,0
1792.12,3,1,2739,9,0.9,1,255.14,0
1735.68,11,1,2878,7,0.2,0,425.95,0
158.46,13,1,2042,12,10.2,0,191.92,0
25.49,21,0,1058,13,39.5,0,365.58,0
8.98,12,1,3453,1,541.0,0,108.59,1
774.9,9,0,2157,4,0.9,0,5.79,0
935.93,7,1,1496,7,6.2,0,5.64,0
2444.42,0,0,908,12,0.1,0,15.11,0
8.7,18,1,92,19,145.6,0,77.63,0
1780.69,2,1,2153,10,0.4,0,112.23,0
9.21,2,0,2703,2,499.0,0,7.54,1
81.18,9,0,956,17,19.5,0,394.02,0
416.52,4,1,326,20,2.5,1,1400.01,0
44.77,1,1,3245,2,367.5,1,214.43,1
72.12,19,0,315,7,3.5,0,5.81,0
1309.7,12,1,1797,7,0.6,0,6.99,1
31.18,20,1,1255,16,46.1,0,838.58,0
37.54,13,1,3113,6,106.7,0,223.62,1
413.86,3,0,1060,16,3.9,1,345.34,0
106.56,21,1,257,12,1.5,0,14.75,0
526.12,12,0,1595,4,1.5,0,5.34,0
2307.6,3,1,2923,6,0.3,1,187.93,0
29.34,15,1,505,18,58.4,0,198.95,0
10.47,21,1,273,19,109.7,0,477.34,0
2185.42,17,1,2830,3,0.1,0,8.25,0
573.6,0,0,52,20,0.8,1,173.84,0
517.77,8,0,79,15,0.1,0,18.47,0
6.46,11,0,3323,1,517.2,0,26.55,1
1098.33,0,1,2918,7,24.7,1,83.67,0
1546.82,10,0,2290,4,0.2,0,5.76,0
36.36,20,1,492,11,35.5,0,12.66,0
1507.72,4,0,2785,6,0.5,0,87.51,0
143.5,18,0,59,11,1.9,0,6.97,0
350.42,9,0,2861,7,1.6,0,374.45,0
1941.39,5,0,2725,5,0.2,0,19.5,0
2673.56,1,0,1542,6,0.1,0,7.49,0
2859.4,0,0,1881,10,0.1,1,49.52,0
129.12,17,0,1357,12,1.5,0,224.29,0
28.33,21,0,2056,4,23.7,0,8.2,0
1502.9,5,1,1854,5,0.6,0,6.32,0
536.32,2,1,2022,17,40.1,1,1118.16,0
148.16,18,1,488,10,7.9,0,10.36,0
5.38,13,1,3447,1,721.4,0,72.67,1
1033.54,8,1,2197,11,0.4,0,143.5,0
2787.13,0,1,2025,13,0.2,1,174.89,0
726.86,5,0,2283,11,0.8,0,344.31,0
18.16,18,1,2535,12,118.9,0,789.79,0
9.73,15,1,3593,1,591.9,0,681.91,1
1708.13,0,1,1286,19,1.3,1,846.15,0
82.23,16,1,1122,15,22.2,0,134.75,0
120.72,10,1,779,17,116.8,1,102.27,0
31.28,9,0,3214,5,157.1,0,202.56,1
2116.59,3,0,2588,6,0.2,0,32.55,0
1730.14,1,1,2783,8,6.1,1,98.96,0
8.11,23,0,72,16,43.6,0,58.22,0
9.51,23,0,16,9,4.8,0,7.25,0
132.89,6,1,185,19,38.5,1,105.07,0
70.97,12,1,1958,14,47.1,0,354.78,0
52.7,6,0,3095,4,172.7,0,129.99,1
357.21,6,1,96,18,4.6,0,23.48,0
315.3,13,0,968,12,1.5,0,86.21,0
6.5,23,0,1293,16,66.6,0,1833.5,0
152.98,6,0,565,14,6.4,0,87.78,0
5.2,23,0,3079,2,290.9,0,9.55,1
960.2,4,1,1668,13,3.8,1,113.25,0
9.67,10,1,3161,1,474.9,0,33.24,1
167.32,20,1,2697,5,4.4,0,56.5,0
316.31,10,0,476,18,0.3,0,1138.45,0
2716.68,2,0,987,10,0.1,0,19.61,0
22.36,10,1,3539,2,345.1,0,663.76,1
202.09,14,0,2434,9,3.1,0,109.57,0
365.3,13,0,1261,14,0.8,0,372.21,0
198.88,16,1,2564,6,24.8,0,15.81,0
40.67,15,0,3110,5,14.6,0,66.82,1
444.05,2,0,1551,19,3.8,1,1602.16,0
548.47,13,1,1803,9,4.3,0,30.93,0
16.34,18,1,3608,0,600.0,0,1408.42,1
58.57,14,0,2047,10,37.8,0,115.3,0
1201.29,4,0,1010,7,0.4,0,7.47,1
828.77,2,0,2801,7,1.2,0,104.13,0
18.22,5,0,2683,5,123.8,0,7.27,1
40.54,14,0,2993,7,22.6,0,65.24,1
56.37,12,0,3011,4,37.6,0,32.65,1
14.75,21,1,439,15,71.5,0,111.23,0
104.53,20,0,193,17,1.2,0,219.63,0
180.68,4,0,184,16,13.0,0,28.53,0
15.03,4,0,2898,2,265.9,0,10.8,1
26.49,9,1,3624,1,521.9,1,1416.89,1
159.48,8,1,2414,12,69.0,0,239.57,0
842.14,14,0,1921,6,0.3,0,10.67,0
72.58,2,0,3104,4,153.0,0,95.46,1
1409.73,4,0,1198,11,0.2,0,66.03,0
613.47,2,1,2449,15,6.7,1,914.73,0
7.48,22,1,269,19,133.1,0,649.98,0
16.08,22,0,483,10,38.1,0,13.52,0
21.51,3,0,3033,3,261.2,0,57.01,1
44.34,6,1,996,17,79.7,0,254.37,0
187.75,12,0,578,12,2.2,0,16.88,0
122.28,13,1,1476,15,38.6,0,265.28,0
62.25,19,1,1266,15,9.7,0,247.6,0
807.82,3,1,1195,18,2.8,1,627.02,0
29.44,14,1,216,19,84.5,0,251.34,0
70.29,13,0,1118,18,3.7,0,1421.14,0
36.13,9,0,3057,1,81.1,0,12.18,1
22.21,18,0,536,19,6.4,0,1774.04,0
17.75,15,1,2031,19,152.3,1,1894.96,0
1654.34,3,1,561,15,0.3,0,35.4,0
1838.6,7,0,760,11,0.1,0,55.32,0
743.33,16,0,1969,7,0.3,0,40.27,0
944.96,15,0,3153,2,0.6,0,43.27,0
73.99,20,0,2538,7,8.2,0,172.81,0
331.86,21,0,1372,5,0.4,0,6.43,0
147.69,18,0,2606,4,5.6,0,9.05,0
45.34,21,1,2118,10,22.0,0,221.61,0
23.01,19,0,3071,6,74.8,0,95.75,1
84.63,14,0,1439,12,12.2,0,90.99,0
49.12,3,0,2982,3,202.1,0,40.15,1
336.14,20,1,2767,3,2.4,0,5.32,0
5.92,23,1,3586,1,436.0,0,694.28,1
1156.03,17,1,2715,4,0.4,0,9.7,0
55.47,13,0,3205,7,45.8,0,375.57,1
111.8,20,0,2427,6,4.6,0,36.69,0
686.18,10,0,2613,7,0.9,0,157.47,0
30.59,18,0,1452,14,20.3,0,831.07,0
635.45,15,0,1365,4,0.3,0,5.36,0
305.37,11,0,1463,10,1.5,0,142.22,0
1040.18,1,0,1666,14,0.4,1,280.82,0
1659.64,3,1,2409,11,0.6,1,129.21,0
24.92,5,1,2752,18,159.3,1,1784.7,0
10.08,16,1,3385,2,349.8,0,142.64,1
123.85,14,0,2248,6,16.8,0,13.4,0
16.98,5,0,2980,3,229.2,0,17.5,1
1112.48,8,1,696,11,1.3,0,10.71,0
745.71,21,1,2916,3,0.6,0,9.44,0
8.21,2,1,3017,1,638.9,0,16.29,1
5.06,23,1,481,20,256.5,0,2000.0,0
176.11,14,0,1536,17,1.2,0,1433.98,0
1134.05,6,0,2104,7,0.3,0,33.34,0
46.37,21,0,1573,6,5.2,0,15.02,0
21.65,13,0,2940,3,137.9,0,18.58,1
1464.92,13,0,1001,7,0.1,0,9.22,0
7.65,15,0,236,19,131.9,0,1169.58,0
2130.18,14,0,2513,4,0.1,0,8.0,0
53.73,20,1,722,16,13.0,0,377.83,0
2905.52,0,0,1124,9,0.1,0,10.48,0
103.53,6,0,1341,14,17.4,0,275.82,0
45.93,21,0,319,14,5.4,0,84.17,0
210.67,1,1,1014,18,34.2,1,414.62,0
21.31,10,1,3241,5,176.6,0,164.22,1
2076.34,0,1,2400,12,1.4,1,110.56,0
8.08,17,1,3595,0,641.8,0,282.51,1
1571.76,3,0,1076,13,0.3,0,132.34,0
100.92,10,0,2312,13,21.6,0,887.72,0
681.8,8,1,2263,13,1.0,0,466.03,0
63.86,23,1,2106,11,12.7,0,619.54,0
5.03,22,1,3455,1,680.5,0,26.31,1
77.63,16,1,174,18,30.2,0,50.87,0
42.13,22,0,430,15,2.8,0,436.29,0
18.75,21,1,1180,14,65.4,0,326.22,0
1301.34,14,0,487,6,0.1,0,5.55,0
1880.25,0,1,2631,15,7.1,1,331.15,0
11.38,10,1,3555,1,699.1,1,874.51,1
59.14,16,1,1996,9,39.2,0,62.37,0
261.89,12,1,235,17,1.3,0,80.47,0
818.23,7,1,1505,11,1.7,0,51.64,0
24.53,7,0,576,16,96.7,0,61.63,0
214.76,12,0,1156,8,3.3,0,12.4,0
963.28,8,1,804,11,0.5,0,13.2,0
14.99,6,1,3342,2,381.0,0,114.96,1
9.45,8,1,3420,1,619.2,0,154.2,1
34.0,20,1,857,15,24.2,0,155.6,0
138.09,10,0,691,12,2.5,0,31.87,0
43.78,7,0,304,20,23.9,1,1477.61,0
267.82,21,1,1500,9,1.4,0,24.48,0
245.65,11,0,1702,11,2.7,0,240.29,0
292.93,6,0,2425,9,9.3,0,85.95,0
107.59,11,1,2829,10,60.0,0,951.07,0
42.4,17,0,3409,2,107.2,0,218.32,1
86.27,1,0,1768,19,64.5,1,1900.65,0
11.16,6,0,2976,3,258.8,0,17.61,1
166.79,6,0,790,10,2.7,0,14.66,0
103.87,15,1,1113,11,17.4,0,29.93,0
25.98,21,0,793,19,8.5,0,1701.14,0
1541.87,2,0,1323,13,0.2,0,258.99,0
115.43,6,0,1912,12,25.9,0,287.64,0
19.8,13,1,224,19,114.7,0,137.19,0
206.01,18,0,580,17,0.5,0,968.33,0
5.25,23,0,421,18,144.3,0,856.36,0
1004.2,2,0,844,14,0.4,0,138.02,1
1556.75,3,1,2686,5,1.2,0,11.33,0
300.52,2,0,651,16,8.0,0,54.18,0
85.72,19,0,1629,9,4.0,0,68.24,0
18.63,7,1,3537,1,589.3,1,1015.9,1
1803.63,13,1,3296,2,0.3,0,22.72,0
8.18,19,0,3175,1,300.2,0,21.91,1
151.03,7,1,2159,12,27.8,0,211.87,0
14.37,17,0,2947,6,66.3,0,29.22,1
668.83,10,0,461,14,0.3,0,59.81,0
317.32,17,0,1819,4,0.4,0,7.45,0
1455.57,0,1,1700,11,4.2,1,19.55,0
327.64,6,1,1025,10,8.8,0,14.71,0
6.38,20,0,3466,2,280.6,0,57.87,1
23.91,18,1,649,12,112.2,0,12.7,0
28.88,4,1,3471,2,375.9,1,520.69,1
78.12,6,0,1613,17,26.8,0,1223.36,0
35.44,15,0,246,17,12.4,0,516.02,0
2491.81,5,1,2217,9,0.1,0,79.75,0
1252.32,2,1,2363,12,2.2,1,193.65,0
1369.71,1,0,2233,15,0.5,1,503.8,0
557.32,19,1,835,10,0.3,0,20.7,0
181.84,16,0,1412,9,0.5,0,49.07,0
270.4,5,0,1691,16,2.8,0,982.95,0
869.52,10,0,2502,5,0.3,0,10.33,0
60.67,10,1,675,18,50.2,0,673.78,0
157.95,17,1,410,14,7.3,0,34.35,0
152.49,16,0,970,7,2.7,0,7.1,0
417.85,2,1,2743,9,26.4,1,125.77,0
954.08,10,1,2821,6,1.6,0,98.66,0
481.03,12,1,959,17,0.8,0,1104.83,0
345.96,17,1,1715,6,1.4,0,9.52,0
231.9,6,1,1299,19,29.1,1,1091.67,0
68.3,7,1,1173,8,80.4,0,6.77,0
197.61,9,1,1799,16,21.3,1,851.24,0
125.05,11,1,1450,18,35.6,1,1616.63,0
94.66,7,1,2679,10,77.6,0,130.38,0
434.21,3,1,895,14,4.0,0,37.02,0
430.06,2,0,2507,9,5.6,0,218.97,0
19.42,22,1,2396,14,91.6,0,948.23,0
209.33,6,0,132,16,0.9,0,38.5,0
2475.91,1,0,2330,6,0.2,0,12.36,0
1581.86,1,0,2688,10,0.5,1,547.9,0
420.54,1,1,1545,12,17.0,0,33.04,0
7.0,9,1,3442,0,659.4,0,91.54,1
101.24,16,0,850,16,2.2,0,704.77,0
21.79,23,0,1456,7,12.0,0,25.46,0
1979.02,0,1,1733,11,0.3,0,26.39,0
50.56,17,1,2951,9,64.8,0,244.65,1
858.46,1,1,916,17,1.4,1,157.95,0
1681.02,2,1,2341,6,0.6,0,9.0,0
826.12,1,1,2661,15,5.7,1,974.15,0
38.39,19,1,1188,17,40.8,0,936.92,0
364.14,12,0,2805,5,5.3,0,55.16,0
496.67,12,0,2080,10,0.5,0,198.35,0
140.32,9,1,2385,18,40.4,1,1872.38,0
20.44,23,1,293,16,25.7,0,138.43,0
2605.98,1,0,1230,8,0.1,0,8.97,0
47.73,11,1,490,20,57.7,1,971.24,0
41.59,18,1,1863,12,48.6,0,123.16,0
165.72,11,1,2182,14,23.0,0,1094.94,0
80.15,15,0,811,16,11.9,0,528.55,0
139.42,15,0,1501,11,2.4,0,147.42,0
5.21,3,0,2728,0,653.5,0,5.12,1
161.02,9,1,1085,18,8.9,1,1442.6,0
2367.44,0,0,1792,10,0.1,0,58.57,0
820.85,19,1,2403,4,0.6,0,7.4,0
1284.79,6,1,2803,8,0.7,0,604.87,0
9.33,21,0,375,18,74.5,0,460.48,0
2227.78,2,0,1640,10,0.1,0,55.82,0
1130.42,0,1,1978,20,6.5,1,1929.34,0
1972.7,2,1,726,12,0.2,0,8.13,0
27.0,22,1,525,15,53.4,0,60.17,0
1056.95,12,0,947,6,0.2,0,5.93,0
27.17,22,0,1418,5,28.3,0,6.47,0
61.26,11,0,116,15,16.2,0,11.13,0
10.95,16,0,3279,2,219.2,0,34.56,1
258.56,8,0,1257,14,5.0,0,225.63,0
1007.42,10,0,1315,7,0.2,0,11.54,0
15.87,20,1,3630,3,351.4,0,1559.52,1
9.04,22,1,3650,0,656.4,0,1964.35,1
242.53,18,0,2000,6,0.5,0,96.03,0
9.76,10,0,3376,2,281.9,0,45.94,1
623.37,0,1,972,19,31.6,1,526.97,0
119.95,19,1,592,15,2.3,0,332.14,0
6.61,22,1,3592,2,379.3,0,564.57,1
12.93,22,0,642,11,34.1,0,61.26,0
8.92,22,1,521,17,97.6,0,181.29,0
8.87,8,0,3070,2,354.6,0,16.63,1
22.14,14,1,339,17,94.1,0,74.88,0
356.07,2,1,2316,15,29.9,1,1081.9,0
307.33,9,0,1682,15,2.4,0,686.01,0
18.87,6,1,3062,5,226.2,0,82.92,1
1020.4,5,1,2401,12,1.4,1,657.82,0
6.0,10,0,3088,0,576.2,0,7.23,1
777.39,6,0,2591,7,0.9,0,36.36,0
241.75,1,1,83,20,43.2,1,407.23,0
1922.84,2,0,647,16,0.1,0,127.29,0
1060.34,6,1,2794,13,5.5,1,1187.24,0
17.14,10,1,3391,2,337.4,0,226.99,1
637.49,5,1,1049,13,5.1,0,20.82,0
11.71,22,0,222,16,30.9,0,133.14,0
2428.83,6,0,2429,6,0.1,0,22.85,0
13.97,18,1,3648,1,708.6,1,1946.77,1
12.77,22,0,377,12,32.3,0,37.81,0
938.93,9,0,1923,11,0.3,0,183.48,0
20.57,21,0,1910,14,17.8,0,1451.28,0
13.74,22,0,98,18,28.5,0,213.14,1
15.62,3,0,2664,4,279.4,0,9.19,1
19.61,8,0,2869,5,171.1,0,27.85,1
14.94,21,1,3347,4,188.9,0,271.71,1
2832.08,1,1,2336,8,0.1,0,27.52,0
7.41,1,0,2936,1,633.2,0,8.84,1
133.31,9,1,1279,17,17.3,0,991.83,0
128.29,10,1,498,18,26.6,0,283.36,0
62.65,13,1,1091,17,25.8,0,826.1,0
9.57,18,1,2549,17,173.5,0,1861.19,0
12.45,18,1,149,16,109.2,0,16.98,0
2468.0,2,0,2261,6,0.1,0,12.89,0
337.22,16,0,1834,10,0.8,0,97.48,0
38.64,22,0,284,9,10.5,0,10.02,0
1356.62,9,0,2372,8,0.2,0,150.55,0
11.45,11,1,3427,1,443.9,0,149.65,1
11.64,4,1,3433,0,636.1,0,109.9,1
649.85,2,1,1171,18,2.7,1,552.85,0
17.36,17,0,299,17,40.6,0,279.14,0
10.54,22,1,8,20,93.7,0,603.06,0
42.26,22,1,151,13,6.4,0,11.03,0
91.09,19,1,2376,9,16.7,0,114.27,0
283.7,11,0,34,16,0.2,0,26.71,0
442.63,8,1,388,16,0.9,0,83.17,0
17.25,3,1,3411,1,479.2,0,220.95,1
127.47,14,1,795,11,9.9,0,18.25,0
2556.42,1,1,1998,13,0.2,1,270.09,1
12.89,23,1,3329,5,89.6,0,258.22,1
805.24,4,0,2717,11,0.8,0,953.93,0
119.19,6,1,69,19,19.7,0,126.53,0
8.24,23,0,1211,10,28.2,0,311.88,0
47.57,19,1,1292,12,41.3,0,50.26,0
2690.72,0,1,2084,6,0.2,0,6.87,0
135.03,23,1,1093,8,1.8,0,21.59,0
30.79,19,1,1089,14,73.2,0,83.42,0
559.1,4,1,510,18,4.4,1,76.47,0
11.02,23,0,384,10,20.0,0,31.68,0
446.9,18,0,1421,5,0.3,0,10.77,0
10.64,22,0,3132,3,115.2,0,40.03,1
6.32,21,1,3566,1,597.3,0,505.31,1
3000.0,0,0,2781,3,0.1,0,5.83,0
318.34,7,0,335,19,0.4,0,882.41,0
28.79,19,0,1182,8,46.7,0,17.98,0
5.83,15,1,3000,3,386.2,0,19.97,1
74.46,18,1,1175,14,14.5,0,113.59,0
1400.73,0,1,2562,17,1.6,1,1665.82,0
11.9,8,0,3022,2,236.6,0,15.62,1
609.56,3,0,625,16,0.5,0,158.42,0
10.71,8,0,2849,3,177.4,0,7.63,1
988.26,6,1,1669,9,1.6,0,16.93,0
1224.58,6,0,2533,5,0.3,0,12.85,0
313.29,1,1,1319,17,20.8,1,291.98,0
48.19,17,1,3467,5,98.0,0,945.39,1
63.45,20,0,200,14,3.3,0,32.45,0
15.37,12,0,2790,6,83.0,0,11.85,1
524.44,9,1,2228,5,5.3,0,9.78,0
8.89,8,1,3568,0,662.3,0,148.31,1
462.91,19,1,2737,4,1.1,0,14.06,0
2030.34,3,1,2390,13,0.2,1,748.31,0
1719.1,6,0,2487,4,0.3,0,7.81,0
86.83,11,0,2871,6,2.3,0,21.39,1
10.01,13,0,3121,1,302.9,0,24.63,1
571.77,20,1,1753,8,0.7,0,38.04,0
706.23,22,0,2035,4,0.1,0,10.55,0
7.83,22,1,463,19,103.4,0,1395.82,0
692.8,13,0,2164,6,0.2,0,89.1,0
2699.35,7,0,2825,1,0.1,0,5.28,0
226.04,14,0,1376,10,1.1,0,63.69,0
17.53,10,0,2865,4,108.2,0,10.08,1
76.64,20,0,2573,4,10.5,0,9.87,0
124.25,9,1,932,16,31.4,0,292.85,0
7.16,13,0,2872,3,276.9,0,8.78,1
344.85,13,0,881,10,0.7,0,18.75,0
77.38,6,1,3579,1,334.4,1,1194.38,1
2270.97,0,0,2611,7,0.2,0,60.35,0
5.65,17,1,3528,0,705.4,0,211.24,1
169.48,15,0,1363,9,1.6,0,32.84,0
7.58,8,0,2704,2,305.7,0,6.0,1
6.06,23,0,17,17,37.4,0,75.79,0
59.52,20,0,1136,12,7.4,0,69.27,0
253.64,6,0,2314,12,12.0,0,422.14,0
273.89,5,1,788,18,48.2,1,166.2,0
83.02,19,1,191,16,9.6,0,59.1,0
180.1,5,0,266,18,3.7,0,110.23,0
8.29,21,0,2962,5,103.0,0,21.85,1
15.52,5,0,596,20,134.9,1,1817.09,0
703.97,4,0,138,16,0.7,0,20.03,0
731.53,6,0,2856,7,1.7,0,630.79,0
7.44,19,0,2978,3,241.9,0,16.14,1
29.91,12,1,1553,16,142.3,0,153.74,0
16.87,10,0,3135,2,190.6,0,21.65,1
27.79,12,0,30,17,20.4,0,31.59,0
125.45,21,0,1514,7,2.3,0,33.44,0
1664.96,10,1,1584,6,0.3,0,6.59,0
7.29,22,0,1890,15,139.2,0,1108.15,0
1488.54,1,1,757,16,0.5,1,54.5,0
104.2,2,0,3077,5,97.1,0,94.04,1
2056.5,1,0,2807,5,0.5,0,18.69,0
22.43,17,1,3418,3,262.3,0,594.09,1
279.2,5,1,3531,5,111.7,1,1779.36,1
1378.5,10,0,1160,9,0.2,0,23.97,0
49.44,7,0,3382,2,198.5,0,262.9,1
31.79,7,0,2903,4,114.2,0,19.21,1
789.93,12,0,1304,6,0.1,0,20.09,0
1036.85,3,1,1976,14,1.1,1,88.57,0
38.89,22,0,3106,8,1.7,0,152.37,1
1026.95,7,1,2086,5,0.9,0,7.56,0
506.3,19,1,1971,4,0.5,0,5.62,0
719.92,2,0,2639,8,3.5,0,120.6,0
6.22,18,0,2975,2,278.1,0,10.42,1
748.1,2,1,2500,12,21.3,1,119.52,0
886.38,13,0,1744,5,0.4,0,6.55,0
235.64,16,0,1638,15,1.0,0,858.93,0
772.43,7,1,939,19,0.6,1,1518.01,0
1046.86,10,0,2257,5,0.2,0,13.16,0
44.48,5,1,308,20,132.5,1,1636.13,0
29.53,3,0,3086,1,361.0,0,46.5,1
14.01,7,1,3416,1,496.7,0,104.76,1
875.1,16,0,934,4,0.1,0,5.54,0
28.97,8,1,3626,1,450.0,1,1379.18,1
699.48,12,0,508,9,0.1,0,15.34,0
26.57,20,1,441,15,45.0,0,41.87,0
52.54,22,0,158,14,0.6,0,71.16,0
1512.55,11,1,2633,4,0.3,0,6.37,0
1116.05,11,1,1580,8,0.4,0,17.4,0
2515.84,0,1,2641,8,0.5,1,28.87,0
8.37,17,1,3091,4,237.6,0,38.73,0
601.81,11,1,605,18,0.6,0,368.88,0
13.7,15,0,3285,2,250.8,0,70.74,1
87.94,20,0,1783,11,3.3,0,246.86,0
1612.52,4,0,2453,9,0.3,0,148.76,0
2682.13,4,0,992,9,0.1,0,21.46,0
377.18,5,1,894,19,5.2,1,843.62,0
458.49,11,1,457,15,1.5,0,42.5,0
2137.01,0,1,1485,11,1.0,1,13.13,0
230.42,3,0,2659,15,15.4,1,1711.36,0
28.69,5,0,2509,5,59.5,0,7.77,1
1686.41,7,1,768,5,0.2,0,5.14,0
40.41,14,1,1746,10,95.4,0,54.99,0
710.76,7,0,713,13,0.5,0,30.84,0
73.05,18,1,28,19,2.9,0,342.25,0
2622.71,2,1,2380,7,0.2,0,13.85,0
44.62,20,0,1268,10,11.4,0,30.65,0
1702.68,12,1,2586,3,0.3,0,6.02,0
71.2,14,0,2474,8,33.8,0,145.23,0
7.36,5,1,3371,0,731.2,0,68.04,1
9.82,1,0,2695,1,490.1,0,6.75,1
79.13,2,0,2812,4,120.0,0,25.15,1
290.13,16,1,2662,4,3.4,0,7.79,0
47.12,7,1,2734,13,127.2,1,1003.79,0
877.91,10,0,1361,8,0.2,0,26.87,1
1159.74,1,1,1772,17,4.7,1,434.99,0
110.73,3,0,357,19,15.7,1,1155.64,0
83.29,15,1,912,18,13.1,0,1176.61,0
143.96,11,1,1697,15,16.1,0,543.0,0
96.19,12,1,165,20,11.1,0,879.77,0
383.26,2,1,167,19,11.1,1,97.19,0
13.02,9,0,2907,4,232.4,0,15.39,1
1638.53,1,1,1994,10,1.3,1,27.93,0
683.99,6,0,2188,8,0.4,0,92.09,0
823.48,0,0,941,16,2.1,1,207.47,0
1163.45,13,0,1925,4,0.3,0,7.14,0
2069.7,2,0,2741,7,0.2,0,89.37,0
454.11,21,1,2215,4,1.0,0,6.09,0
21.24,23,1,3645,3,248.6,0,1883.63,1
49.59,18,1,742,17,36.3,0,314.7,0
12.25,17,0,3124,3,193.2,0,48.34,1
1586.93,1,1,2137,16,1.3,1,677.83,0
5.49,23,1,359,9,187.3,0,6.34,0
46.97,17,1,2066,17,51.8,0,1256.81,0
10.04,2,0,3446,0,674.4,0,48.93,1
615.44,10,1,1282,14,1.8,0,77.16,0
208.66,10,0,817,12,1.2,0,128.44,0
1141.33,9,0,2128,6,0.3,0,10.3,0
121.5,12,1,474,16,38.3,0,47.48,0
10.67,1,1,3195,0,727.9,0,29.04,1
23.61,6,0,2997,3,194.1,0,24.85,1
25.82,15,0,101,19,27.1,0,1000.79,0
195.1,11,1,733,14,5.9,0,51.33,0
662.44,6,1,1724,13,4.1,0,64.27,0
889.22,18,1,260,8,0.2,0,6.22,0
21.04,19,0,3553,3,168.9,0,588.77,1
19.99,22,1,1759,10,51.5,0,47.62,0
223.17,4,0,1843,17,8.1,1,1358.67,0
193.24,13,1,2334,13,5.7,0,939.74,0
12.65,4,0,3115,2,365.9,0,39.55,1
178.95,11,0,1480,11,0.8,0,186.81,0
738.59,2,1,2666,15,20.9,1,711.13,0
1067.15,1,1,1817,17,8.5,1,216.36,0
16.55,18,0,744,19,59.2,0,1597.36,0
88.23,17,1,2036,13,29.4,0,299.96,0
1724.61,3,1,2027,8,0.5,0,11.96,0
19.86,8,1,3170,4,289.6,0,170.75,1
679.62,0,1,905,20,29.5,1,1366.84,0
701.72,7,1,2184,12,2.5,0,556.18,0
1446.28,9,1,1655,9,0.4,0,13.32,0
36.95,22,0,899,7,9.9,0,8.03,0
107.24,10,1,1021,19,10.9,1,1768.73,0
261.05,15,1,1815,8,3.2,0,19.32,0
384.49,17,0,1980,7,0.8,0,30.56,0
206.67,19,0,1509,3,0.6,0,5.31,0
94.96,9,1,879,18,20.2,0,1159.11,0
251.22,14,1,278,17,5.3,0,43.66,0
228.22,19,1,749,11,1.0,0,46.64,0
52.2,21,0,2544,6,18.8,0,39.91,0
148.64,23,1,277,5,0.7,0,5.06,0
184.77,14,1,1242,16,2.3,0,890.38,0
8.81,13,0,3334,1,398.5,0,38.15,1
185.36,14,0,1284,8,1.4,0,11.16,0
529.5,10,0,2016,11,0.4,0,238.14,0
150.55,18,0,538,13,0.3,0,85.7,0
13.06,20,1,424,20,104.4,0,1690.97,0
154.95,9,1,3053,11,64.2,1,1626.35,0
211.35,11,0,1830,13,2.3,0,634.58,0
1396.26,14,1,1587,7,0.2,0,18.36,0
31.08,16,1,289,16,44.6,0,109.24,0
1268.45,1,1,2542,10,2.0,1,89.64,0
9.27,17,0,3073,2,168.1,0,12.47,1
924.03,6,1,852,13,0.4,0,42.12,0
64.06,13,1,1633,13,46.9,0,301.77,0
127.88,8,1,2091,14,28.0,0,232.5,0
256.09,12,0,1410,9,0.7,0,44.99,0
139.87,10,1,465,15,12.8,0,65.83,0
93.76,20,0,337,12,2.1,0,41.0,0
321.41,11,1,890,10,4.5,0,13.77,0
297.65,9,1,2150,13,36.5,0,175.41,0
188.96,4,1,550,20,39.7,1,782.72,0
503.07,7,1,715,14,3.0,0,36.47,0
2499.79,2,1,2750,7,0.2,1,231.8,0
14.7,13,0,3203,4,221.1,0,122.79,1
2352.33,0,1,2465,8,0.6,1,28.36,0
12.85,22,1,27,18,77.9,0,27.44,0
1063.74,7,0,1445,6,0.2,0,8.94,0
29.72,21,1,1693,15,31.1,0,799.31,0
2089.67,2,0,2279,8,0.3,0,23.06,0
158.97,19,1,1832,5,22.1,0,5.99,0
61.65,23,1,2292,8,22.5,0,65.63,0
90.8,19,0,2310,8,7.0,0,182.93,0
95.57,18,1,2126,6,13.7,0,11.26,0
131.2,18,0,496,7,3.8,0,6.57,0
6.02,13,1,3166,1,586.6,0,20.27,1
51.54,16,1,322,19,35.2,0,480.21,0
24.37,13,1,1348,12,92.0,0,32.16,0
6.44,22,0,118,19,65.1,0,696.37,0
19.3,20,0,111,19,13.8,0,1114.81,0
146.75,15,1,717,20,3.4,1,1889.29,0
