x,y,y_true,split
-2.955826381493967,0.34265787470897435,0.22247120998249714,train
-2.8637275611968374,0.3100909562146814,0.19845816220719537,train
-2.815092992592364,0.3450237558059324,0.17867747856273586,validation
-2.7371774052766273,0.11266226415779496,0.13728363528515086,test
-2.650183549865604,-0.027958758385983093,0.07786581962505534,test
-2.6170964633749483,0.03195062030804655,0.051880173034646315,validation
-2.4597128353461493,-0.5158006558022381,-0.09396704731273064,test
-2.434935912674103,-0.4816270262930341,-0.11984890818726229,train
-2.3128195587841596,-0.5870734636926771,-0.25639856060407645,train
-2.2313182039467248,-0.6031975149620001,-0.3538858080616297,train
-2.22047096798717,-0.2671856181192391,-0.3671291748000982,train
-2.161485098344141,-0.6662758203472487,-0.4399060565072335,train
-2.1612180112340553,-0.5347785349942283,-0.44023789648438094,train
-2.0742630475947132,-0.2239521801323222,-0.5487592545788386,train
-2.0323693257983892,-0.690062820413984,-0.6009968276486275,test
-1.9981624805537765,-0.4590098922734084,-0.64338878439018,train
-1.8631718454942858,-1.0391202538937343,-0.8057158338912651,train
-1.8321677528881946,-0.892677758754362,-0.8413183692874544,train
-1.80055078514935,-1.1142760202108826,-0.8767705064832373,train
-1.7124919630828248,-1.054914488650077,-0.9701562196749363,validation
-1.6385439056946953,-0.8312842072861918,-1.0413612416505407,train
-1.6365676692913387,-1.4749924544047937,-1.0431623486067065,validation
-1.5963630848079555,-0.969960727286862,-1.0785666381733263,train
-1.3116966478680208,-1.1908125220215802,-1.2502464226046497,train
-1.2700313764185354,-1.4107017118460887,-1.2621642229218901,train
-1.2384374533998983,-1.6302609085305373,-1.2687464449334236,train
-1.1762994116243268,-1.2573502992500658,-1.2753826761785332,test
-1.1258001517077536,-1.4068805985118227,-1.274507421245872,train
-1.0450478511710883,-1.203087711097126,-1.261256763935802,train
-0.87284419122079,-1.1787435150240135,-1.1842065514048743,train
-0.7772417637907867,-0.7129942441493602,-1.113438966979589,train
-0.7752118546045126,-1.1715665898449632,-1.111727682976707,train
-0.6751297258189535,-1.2729187190587992,-1.017044345903333,validation
-0.5616788313595769,-0.8419223924789143,-0.8867413012179933,train
-0.5488281376521833,-0.8155617484260719,-0.8705609194190131,validation
-0.3796956646058258,-0.2943746844626389,-0.6341715782727481,test
-0.3770884867660156,-0.4214444156832221,-0.6302222271618667,train
-0.3667293614876863,-0.5252319755122657,-0.614449740299643,test
-0.33951480703601344,-0.20659492236315113,-0.5724206451680416,validation
-0.2976843726265974,-0.8034471233180163,-0.5062563597373035,test
-0.24650534676996028,-0.5829540368333967,-0.42301615364595985,train
-0.2287366184916757,-0.6252408050199147,-0.3935968196685335,validation
-0.19967397763779493,-0.4424239249526335,-0.3449714741636915,train
-0.1826651323451527,-0.6604199804916981,-0.3162484436026209,test
-0.17342276314120486,-0.14177813976551973,-0.3005658764691208,train
-0.1457704426443973,-0.30891577710922924,-0.2533601028345359,validation
0.006268650620181226,-0.35673157360191965,0.010970000023744805,validation
0.32147640394797516,0.290216716436887,0.5441114867387724,test
0.3275087220950086,0.6319956146076383,0.5536171527450895,test
0.34219291404767027,0.786125251700472,0.5765936097268767,train
0.35524296447248105,1.0959961927765591,0.5968134698536125,validation
0.39141663888713296,1.3802895139495868,0.6518238974477543,train
0.41244717571736267,0.7866669629083856,0.6830646045893864,train
0.7899863947323889,0.8766034600919095,1.1239879900998755,validation
0.8083099200035448,0.6055492187253861,1.1385607889082134,train
0.8631907204839875,1.2448759230321205,1.1779480574461616,validation
0.9714990883613703,1.0331998821634432,1.2364351559910247,test
0.985881241964325,1.1384043252633582,1.2422436403082795,train
0.9891051395521928,1.090457917511253,1.243482117276205,train
1.01041777074283,1.215885260763629,1.2510829823677254,validation
1.0188839680950625,1.5203143189114618,1.253819261214551,test
1.0949730238498532,1.3104386888144945,1.2711765469531584,validation
1.0982937194547278,1.231978987439132,1.271637696698804,train
1.1842081743561836,1.0160944322297054,1.2750078704361583,test
1.2015906120134945,0.855029690784294,1.2737004269603833,train
1.2309922717580104,1.1484081253923826,1.2699851026607152,train
1.3341561035787013,1.2288765328006188,1.242322170505199,train
1.468572935446903,1.6159360512025094,1.1739535728075385,train
1.5485264405122425,1.1500289229333123,1.1174602925650907,test
1.5668382119421178,1.3486869393174388,1.1030020615616745,train
1.5899931444961535,0.9591295475445366,1.0839534471793246,train
1.64373629133578,0.7403666502612345,1.0366025918654906,validation
1.670300982442571,0.7703919146228965,1.0116711051809895,train
1.684374186131807,0.8167711781708067,0.998077694304745,train
1.7033892546384806,1.5114213812549386,0.9793039481461475,train
1.7163858316617233,0.7608654393286484,0.9662121091347449,train
1.7215462650128304,1.1705791873789728,0.9609568864448866,validation
1.828586144980811,0.6196477582598838,0.8453795527816405,train
1.8841223079962077,1.0141293333841368,0.7812360801655758,train
1.9365696796249798,0.8149131547622087,0.7186754132357429,train
1.9657870319554922,0.6440050738017354,0.683164548216258,train
1.9935588083712066,0.6388774401400503,0.6490680716739088,test
1.9960691763470244,0.48227512029647557,0.6459720441538231,test
2.120418439608997,0.6025975668396771,0.49107951646915704,train
2.151587519468295,0.33846757504364233,0.4522134451288373,test
2.3587267279331865,-0.10290964623393817,0.20349179470787387,train
2.5605899330916113,-0.3230131161595346,-0.0035287225796297728,train
2.8050583946052603,-0.1308589688150818,-0.17400594824561166,validation
2.824188146369419,0.212033837904066,-0.18273897619854274,train
2.853734109820536,-0.15478757842086271,-0.19478548181422228,train
